time,original_flat_f0,midi_f0,source_f0_mapped,source_f0_refined,target_f0,is_vowel_region,source_strength,midi_anchor_strength,flat_f0_blend_strength
0.000000,0.000000,0.000000,0.000000,0.000000,0.000000,0,0.000000,0.350000,0.100000
0.005000,0.000000,0.000000,0.000000,0.000000,0.000000,0,0.000000,0.350000,0.100000
0.010000,0.000000,0.000000,0.000000,0.000000,0.000000,0,0.000000,0.350000,0.100000
0.015000,0.000000,0.000000,0.000000,0.000000,0.000000,0,0.000000,0.350000,0.100000
0.020000,0.000000,0.000000,0.000000,0.000000,0.000000,0,0.000000,0.350000,0.100000
0.025000,0.000000,0.000000,0.000000,0.000000,0.000000,0,0.000000,0.350000,0.100000
0.030000,0.000000,0.000000,0.000000,0.000000,0.000000,0,0.000000,0.350000,0.100000
0.035000,0.000000,0.000000,0.000000,0.000000,0.000000,0,0.000000,0.350000,0.100000
0.040000,0.000000,0.000000,0.000000,0.000000,0.000000,0,0.000000,0.350000,0.100000
0.045000,0.000000,0.000000,0.000000,0.000000,0.000000,0,0.000000,0.350000,0.100000
0.050000,0.000000,0.000000,0.000000,0.000000,0.000000,0,0.000000,0.350000,0.100000
0.055000,0.000000,0.000000,0.000000,0.000000,0.000000,0,0.000000,0.350000,0.100000
0.060000,0.000000,0.000000,0.000000,0.000000,0.000000,0,0.000000,0.350000,0.100000
0.065000,0.000000,0.000000,0.000000,0.000000,0.000000,0,0.000000,0.350000,0.100000
0.070000,0.000000,0.000000,0.000000,0.000000,0.000000,0,0.000000,0.350000,0.100000
0.075000,0.000000,0.000000,0.000000,0.000000,0.000000,0,0.000000,0.350000,0.100000
0.080000,0.000000,0.000000,0.000000,0.000000,0.000000,0,0.000000,0.350000,0.100000
0.085000,0.000000,0.000000,0.000000,0.000000,0.000000,0,0.000000,0.350000,0.100000
0.090000,0.000000,0.000000,0.000000,0.000000,0.000000,0,0.000000,0.350000,0.100000
0.095000,0.000000,0.000000,0.000000,0.000000,0.000000,0,0.000000,0.350000,0.100000
0.100000,0.000000,0.000000,0.000000,0.000000,0.000000,0,0.000000,0.350000,0.100000
0.105000,0.000000,0.000000,0.000000,0.000000,0.000000,0,0.000000,0.350000,0.100000
0.110000,0.000000,0.000000,0.000000,0.000000,0.000000,0,0.000000,0.350000,0.100000
0.115000,0.000000,0.000000,0.000000,0.000000,0.000000,0,0.000000,0.350000,0.100000
0.120000,0.000000,0.000000,0.000000,0.000000,0.000000,0,0.000000,0.350000,0.100000
0.125000,0.000000,0.000000,0.000000,0.000000,0.000000,0,0.000000,0.350000,0.100000
0.130000,0.000000,0.000000,0.000000,0.000000,0.000000,0,0.000000,0.350000,0.100000
0.135000,0.000000,0.000000,0.000000,0.000000,0.000000,0,0.000000,0.350000,0.100000
0.140000,0.000000,0.000000,0.000000,0.000000,0.000000,0,0.000000,0.350000,0.100000
0.145000,0.000000,0.000000,0.000000,0.000000,0.000000,0,0.000000,0.350000,0.100000
0.150000,0.000000,0.000000,0.000000,0.000000,0.000000,0,0.000000,0.350000,0.100000
0.155000,0.000000,0.000000,0.000000,0.000000,0.000000,0,0.000000,0.350000,0.100000
0.160000,0.000000,0.000000,0.000000,0.000000,0.000000,0,0.000000,0.350000,0.100000
0.165000,0.000000,0.000000,0.000000,0.000000,0.000000,0,0.000000,0.350000,0.100000
0.170000,0.000000,0.000000,0.000000,0.000000,0.000000,0,0.000000,0.350000,0.100000
0.175000,0.000000,0.000000,0.000000,0.000000,0.000000,0,0.000000,0.350000,0.100000
0.180000,0.000000,0.000000,0.000000,0.000000,0.000000,0,0.000000,0.350000,0.100000
0.185000,0.000000,0.000000,0.000000,0.000000,0.000000,0,0.000000,0.350000,0.100000
0.190000,0.000000,0.000000,0.000000,0.000000,0.000000,0,0.000000,0.350000,0.100000
0.195000,0.000000,0.000000,0.000000,0.000000,0.000000,0,0.000000,0.350000,0.100000
0.200000,0.000000,0.000000,0.000000,0.000000,0.000000,0,0.000000,0.350000,0.100000
0.205000,0.000000,0.000000,0.000000,0.000000,0.000000,0,0.000000,0.350000,0.100000
0.210000,0.000000,0.000000,0.000000,0.000000,0.000000,0,0.000000,0.350000,0.100000
0.215000,0.000000,0.000000,0.000000,0.000000,0.000000,0,0.000000,0.350000,0.100000
0.220000,0.000000,0.000000,0.000000,0.000000,0.000000,0,0.000000,0.350000,0.100000
0.225000,0.000000,0.000000,0.000000,0.000000,0.000000,0,0.000000,0.350000,0.100000
0.230000,0.000000,0.000000,0.000000,0.000000,0.000000,0,0.000000,0.350000,0.100000
0.235000,0.000000,0.000000,0.000000,0.000000,0.000000,0,0.000000,0.350000,0.100000
0.240000,0.000000,0.000000,0.000000,0.000000,0.000000,0,0.000000,0.350000,0.100000
0.245000,0.000000,0.000000,0.000000,0.000000,0.000000,0,0.000000,0.350000,0.100000
0.250000,0.000000,0.000000,0.000000,0.000000,0.000000,0,0.000000,0.350000,0.100000
0.255000,0.000000,0.000000,0.000000,0.000000,0.000000,0,0.000000,0.350000,0.100000
0.260000,0.000000,0.000000,0.000000,0.000000,0.000000,0,0.000000,0.350000,0.100000
0.265000,0.000000,0.000000,0.000000,0.000000,0.000000,0,0.000000,0.350000,0.100000
0.270000,0.000000,0.000000,0.000000,0.000000,0.000000,0,0.000000,0.350000,0.100000
0.275000,0.000000,0.000000,0.000000,0.000000,0.000000,0,0.000000,0.350000,0.100000
0.280000,0.000000,0.000000,0.000000,0.000000,0.000000,0,0.000000,0.350000,0.100000
0.285000,0.000000,0.000000,0.000000,0.000000,0.000000,0,0.000000,0.350000,0.100000
0.290000,0.000000,0.000000,0.000000,0.000000,0.000000,0,0.000000,0.350000,0.100000
0.295000,0.000000,0.000000,0.000000,0.000000,0.000000,0,0.000000,0.350000,0.100000
0.300000,0.000000,0.000000,0.000000,0.000000,0.000000,0,0.000000,0.350000,0.100000
0.305000,0.000000,0.000000,0.000000,0.000000,0.000000,0,0.000000,0.350000,0.100000
0.310000,0.000000,0.000000,0.000000,0.000000,0.000000,0,0.000000,0.350000,0.100000
0.315000,0.000000,0.000000,0.000000,0.000000,0.000000,0,0.000000,0.350000,0.100000
0.320000,0.000000,0.000000,0.000000,0.000000,0.000000,0,0.000000,0.350000,0.100000
0.325000,0.000000,0.000000,0.000000,0.000000,0.000000,0,0.000000,0.350000,0.100000
0.330000,0.000000,0.000000,0.000000,0.000000,0.000000,0,0.000000,0.350000,0.100000
0.335000,0.000000,0.000000,0.000000,0.000000,0.000000,0,0.000000,0.350000,0.100000
0.340000,0.000000,0.000000,0.000000,0.000000,0.000000,0,0.000000,0.350000,0.100000
0.345000,0.000000,0.000000,0.000000,0.000000,0.000000,0,0.000000,0.350000,0.100000
0.350000,0.000000,0.000000,0.000000,0.000000,0.000000,0,0.000000,0.350000,0.100000
0.355000,0.000000,0.000000,0.000000,0.000000,0.000000,0,0.000000,0.350000,0.100000
0.360000,0.000000,0.000000,0.000000,0.000000,0.000000,0,0.000000,0.350000,0.100000
0.365000,0.000000,0.000000,0.000000,0.000000,0.000000,0,0.000000,0.350000,0.100000
0.370000,0.000000,0.000000,0.000000,0.000000,0.000000,0,0.000000,0.350000,0.100000
0.375000,0.000000,0.000000,0.000000,0.000000,0.000000,0,0.000000,0.350000,0.100000
0.380000,0.000000,0.000000,0.000000,0.000000,0.000000,0,0.000000,0.350000,0.100000
0.385000,0.000000,0.000000,0.000000,0.000000,0.000000,0,0.000000,0.350000,0.100000
0.390000,0.000000,0.000000,0.000000,0.000000,0.000000,0,0.000000,0.350000,0.100000
0.395000,0.000000,0.000000,0.000000,0.000000,0.000000,0,0.000000,0.350000,0.100000
0.400000,0.000000,0.000000,0.000000,0.000000,0.000000,0,0.000000,0.350000,0.100000
0.405000,0.000000,0.000000,0.000000,0.000000,0.000000,0,0.000000,0.350000,0.100000
0.410000,0.000000,0.000000,0.000000,0.000000,0.000000,0,0.000000,0.350000,0.100000
0.415000,0.000000,0.000000,0.000000,0.000000,0.000000,0,0.000000,0.350000,0.100000
0.420000,0.000000,0.000000,0.000000,0.000000,0.000000,0,0.000000,0.350000,0.100000
0.425000,0.000000,0.000000,0.000000,0.000000,0.000000,0,0.000000,0.350000,0.100000
0.430000,0.000000,0.000000,0.000000,0.000000,0.000000,0,0.000000,0.350000,0.100000
0.435000,0.000000,0.000000,0.000000,0.000000,0.000000,0,0.000000,0.350000,0.100000
0.440000,0.000000,0.000000,0.000000,0.000000,0.000000,0,0.000000,0.350000,0.100000
0.445000,0.000000,0.000000,0.000000,0.000000,0.000000,0,0.000000,0.350000,0.100000
0.450000,0.000000,0.000000,0.000000,0.000000,0.000000,0,0.000000,0.350000,0.100000
0.455000,0.000000,0.000000,0.000000,0.000000,0.000000,0,0.000000,0.350000,0.100000
0.460000,0.000000,0.000000,0.000000,0.000000,0.000000,0,0.000000,0.350000,0.100000
0.465000,0.000000,0.000000,0.000000,0.000000,0.000000,0,0.000000,0.350000,0.100000
0.470000,0.000000,0.000000,0.000000,0.000000,0.000000,0,0.000000,0.350000,0.100000
0.475000,0.000000,0.000000,0.000000,0.000000,0.000000,0,0.000000,0.350000,0.100000
0.480000,0.000000,0.000000,0.000000,0.000000,0.000000,0,0.000000,0.350000,0.100000
0.485000,0.000000,0.000000,0.000000,0.000000,0.000000,0,0.000000,0.350000,0.100000
0.490000,0.000000,0.000000,0.000000,0.000000,0.000000,0,0.000000,0.350000,0.100000
0.495000,0.000000,0.000000,0.000000,0.000000,0.000000,0,0.000000,0.350000,0.100000
0.500000,0.000000,0.000000,0.000000,0.000000,0.000000,0,0.000000,0.350000,0.100000
0.505000,0.000000,0.000000,0.000000,0.000000,0.000000,0,0.000000,0.350000,0.100000
0.510000,0.000000,0.000000,0.000000,0.000000,0.000000,0,0.000000,0.350000,0.100000
0.515000,0.000000,0.000000,0.000000,0.000000,0.000000,0,0.000000,0.350000,0.100000
0.520000,0.000000,0.000000,0.000000,0.000000,0.000000,0,0.000000,0.350000,0.100000
0.525000,0.000000,0.000000,0.000000,0.000000,0.000000,0,0.000000,0.350000,0.100000
0.530000,0.000000,0.000000,0.000000,0.000000,0.000000,0,0.000000,0.350000,0.100000
0.535000,0.000000,0.000000,0.000000,0.000000,0.000000,0,0.000000,0.350000,0.100000
0.540000,0.000000,0.000000,0.000000,0.000000,0.000000,0,0.000000,0.350000,0.100000
0.545000,0.000000,0.000000,0.000000,0.000000,0.000000,0,0.000000,0.350000,0.100000
0.550000,0.000000,0.000000,0.000000,0.000000,0.000000,0,0.000000,0.350000,0.100000
0.555000,97.603883,246.941651,250.974749,250.974749,143.258584,1,0.900000,0.350000,0.100000
0.560000,104.196330,246.941651,250.597087,250.597087,191.037411,1,0.900000,0.350000,0.100000
0.565000,108.506313,246.941651,250.290448,250.290448,238.812297,1,0.900000,0.350000,0.100000
0.570000,110.339157,246.941651,250.048430,250.048430,236.565157,1,0.900000,0.350000,0.100000
0.575000,111.436914,246.941651,249.896906,249.896906,234.384187,1,0.900000,0.350000,0.100000
0.580000,113.670979,246.941651,249.847651,249.847651,232.330334,0,0.200000,0.350000,0.100000
0.585000,117.254827,246.941651,249.899792,249.899792,230.446066,0,0.200000,0.350000,0.100000
0.590000,121.836464,246.941651,250.047849,250.047849,228.672491,0,0.200000,0.350000,0.100000
0.595000,126.751463,246.941651,250.262957,250.262957,229.187428,0,0.200000,0.350000,0.100000
0.600000,129.768608,246.941651,250.489115,250.489115,229.427359,0,0.200000,0.350000,0.100000
0.605000,128.737804,246.941651,250.681970,250.681970,229.290702,0,0.200000,0.350000,0.100000
0.610000,123.184719,246.941651,250.833723,250.833723,228.828859,0,0.200000,0.350000,0.100000
0.615000,115.572208,246.941651,250.959298,250.959298,228.200455,0,0.200000,0.350000,0.100000
0.620000,110.139992,246.941651,251.063750,251.063750,227.603415,0,0.200000,0.350000,0.100000
0.625000,108.044105,246.941651,251.139796,251.139796,227.207127,0,0.200000,0.350000,0.100000
0.630000,108.348169,246.941651,251.174890,251.174890,227.084796,0,0.200000,0.350000,0.100000
0.635000,109.681834,246.941651,251.145475,251.145475,227.195070,0,0.200000,0.350000,0.100000
0.640000,111.444498,246.941651,251.035287,251.035287,227.227289,0,0.200000,0.350000,0.100000
0.645000,114.145041,246.941651,250.853171,250.853171,224.259959,0,0.200000,0.350000,0.100000
0.650000,117.923054,246.941651,246.723884,246.723884,217.733056,0,0.200000,0.350000,0.100000
0.655000,121.270291,246.941651,196.494714,196.494714,172.261953,0,0.200000,0.350000,0.100000
0.660000,122.833345,246.941651,138.507553,138.507553,126.718964,0,0.200000,0.350000,0.100000
0.665000,123.252642,0.000000,0.000000,0.000000,0.000000,0,0.000000,0.350000,0.100000
0.670000,123.764900,0.000000,0.000000,0.000000,0.000000,0,0.000000,0.350000,0.100000
0.675000,125.097313,0.000000,0.000000,0.000000,0.000000,0,0.000000,0.350000,0.100000
0.680000,128.204829,0.000000,0.000000,0.000000,0.000000,0,0.000000,0.350000,0.100000
0.685000,133.080797,0.000000,0.000000,0.000000,0.000000,0,0.000000,0.350000,0.100000
0.690000,138.229689,0.000000,0.000000,0.000000,0.000000,0,0.000000,0.350000,0.100000
0.695000,141.980796,0.000000,0.000000,0.000000,0.000000,0,0.000000,0.350000,0.100000
0.700000,145.010302,0.000000,0.000000,0.000000,0.000000,0,0.000000,0.350000,0.100000
0.705000,150.061837,246.941651,153.369796,153.369796,131.459058,0,0.200000,0.350000,0.100000
0.710000,156.783436,246.941651,203.239899,203.239899,178.366637,0,0.200000,0.350000,0.100000
0.715000,160.947867,246.941651,249.259767,249.259767,225.263289,0,0.200000,0.350000,0.100000
0.720000,161.428896,246.941651,249.385812,249.385812,233.098578,0,0.200000,0.350000,0.100000
0.725000,160.676081,246.941651,249.584664,249.584664,237.679437,0,0.200000,0.350000,0.100000
0.730000,160.145736,246.941651,249.806418,249.806418,190.794417,1,0.900000,0.350000,0.100000
0.735000,159.762593,246.941651,250.008880,250.008880,143.886838,1,0.900000,0.350000,0.100000
0.740000,0.000000,0.000000,0.000000,0.000000,0.000000,0,0.000000,0.350000,0.100000
0.745000,0.000000,0.000000,0.000000,0.000000,0.000000,0,0.000000,0.350000,0.100000
0.750000,0.000000,0.000000,0.000000,0.000000,0.000000,0,0.000000,0.350000,0.100000
0.755000,0.000000,0.000000,0.000000,0.000000,0.000000,0,0.000000,0.350000,0.100000
0.760000,0.000000,0.000000,0.000000,0.000000,0.000000,0,0.000000,0.350000,0.100000
0.765000,0.000000,0.000000,0.000000,0.000000,0.000000,0,0.000000,0.350000,0.100000
0.770000,0.000000,0.000000,0.000000,0.000000,0.000000,0,0.000000,0.350000,0.100000
0.775000,0.000000,0.000000,0.000000,0.000000,0.000000,0,0.000000,0.350000,0.100000
0.780000,0.000000,0.000000,0.000000,0.000000,0.000000,0,0.000000,0.350000,0.100000
0.785000,0.000000,0.000000,0.000000,0.000000,0.000000,0,0.000000,0.350000,0.100000
0.790000,0.000000,0.000000,0.000000,0.000000,0.000000,0,0.000000,0.350000,0.100000
0.795000,0.000000,0.000000,0.000000,0.000000,0.000000,0,0.000000,0.350000,0.100000
0.800000,0.000000,0.000000,0.000000,0.000000,0.000000,0,0.000000,0.350000,0.100000
0.805000,0.000000,0.000000,0.000000,0.000000,0.000000,0,0.000000,0.350000,0.100000
0.810000,0.000000,0.000000,0.000000,0.000000,0.000000,0,0.000000,0.350000,0.100000
0.815000,0.000000,0.000000,0.000000,0.000000,0.000000,0,0.000000,0.350000,0.100000
0.820000,0.000000,0.000000,0.000000,0.000000,0.000000,0,0.000000,0.350000,0.100000
0.825000,0.000000,0.000000,0.000000,0.000000,0.000000,0,0.000000,0.350000,0.100000
0.830000,0.000000,0.000000,0.000000,0.000000,0.000000,0,0.000000,0.350000,0.100000
0.835000,0.000000,0.000000,0.000000,0.000000,0.000000,0,0.000000,0.350000,0.100000
0.840000,0.000000,0.000000,0.000000,0.000000,0.000000,0,0.000000,0.350000,0.100000
0.845000,0.000000,0.000000,0.000000,0.000000,0.000000,0,0.000000,0.350000,0.100000
0.850000,0.000000,0.000000,0.000000,0.000000,0.000000,0,0.000000,0.350000,0.100000
0.855000,0.000000,0.000000,0.000000,0.000000,0.000000,0,0.000000,0.350000,0.100000
0.860000,0.000000,0.000000,0.000000,0.000000,0.000000,0,0.000000,0.350000,0.100000
0.865000,0.000000,0.000000,0.000000,0.000000,0.000000,0,0.000000,0.350000,0.100000
0.870000,0.000000,0.000000,0.000000,0.000000,0.000000,0,0.000000,0.350000,0.100000
0.875000,0.000000,0.000000,0.000000,0.000000,0.000000,0,0.000000,0.350000,0.100000
0.880000,0.000000,0.000000,0.000000,0.000000,0.000000,0,0.000000,0.350000,0.100000
0.885000,0.000000,0.000000,0.000000,0.000000,0.000000,0,0.000000,0.350000,0.100000
0.890000,0.000000,0.000000,0.000000,0.000000,0.000000,0,0.000000,0.350000,0.100000
0.895000,0.000000,0.000000,0.000000,0.000000,0.000000,0,0.000000,0.350000,0.100000
0.900000,0.000000,0.000000,0.000000,0.000000,0.000000,0,0.000000,0.350000,0.100000
0.905000,0.000000,0.000000,0.000000,0.000000,0.000000,0,0.000000,0.350000,0.100000
0.910000,0.000000,0.000000,0.000000,0.000000,0.000000,0,0.000000,0.350000,0.100000
0.915000,0.000000,0.000000,0.000000,0.000000,0.000000,0,0.000000,0.350000,0.100000
0.920000,0.000000,0.000000,0.000000,0.000000,0.000000,0,0.000000,0.350000,0.100000
0.925000,0.000000,0.000000,0.000000,0.000000,0.000000,0,0.000000,0.350000,0.100000
0.930000,0.000000,0.000000,0.000000,0.000000,0.000000,0,0.000000,0.350000,0.100000
0.935000,0.000000,0.000000,0.000000,0.000000,0.000000,0,0.000000,0.350000,0.100000
0.940000,0.000000,0.000000,0.000000,0.000000,0.000000,0,0.000000,0.350000,0.100000
0.945000,0.000000,0.000000,0.000000,0.000000,0.000000,0,0.000000,0.350000,0.100000
0.950000,0.000000,0.000000,0.000000,0.000000,0.000000,0,0.000000,0.350000,0.100000
0.955000,0.000000,0.000000,0.000000,0.000000,0.000000,0,0.000000,0.350000,0.100000
0.960000,0.000000,0.000000,0.000000,0.000000,0.000000,0,0.000000,0.350000,0.100000
0.965000,0.000000,0.000000,0.000000,0.000000,0.000000,0,0.000000,0.350000,0.100000
0.970000,0.000000,0.000000,0.000000,0.000000,0.000000,0,0.000000,0.350000,0.100000
0.975000,0.000000,0.000000,0.000000,0.000000,0.000000,0,0.000000,0.350000,0.100000
0.980000,0.000000,0.000000,0.000000,0.000000,0.000000,0,0.000000,0.350000,0.100000
0.985000,0.000000,0.000000,0.000000,0.000000,0.000000,0,0.000000,0.350000,0.100000
0.990000,0.000000,0.000000,0.000000,0.000000,0.000000,0,0.000000,0.350000,0.100000
0.995000,0.000000,0.000000,0.000000,0.000000,0.000000,0,0.000000,0.350000,0.100000
1.000000,0.000000,0.000000,0.000000,0.000000,0.000000,0,0.000000,0.350000,0.100000
1.005000,0.000000,0.000000,0.000000,0.000000,0.000000,0,0.000000,0.350000,0.100000
1.010000,0.000000,0.000000,0.000000,0.000000,0.000000,0,0.000000,0.350000,0.100000
1.015000,0.000000,0.000000,0.000000,0.000000,0.000000,0,0.000000,0.350000,0.100000
1.020000,0.000000,0.000000,0.000000,0.000000,0.000000,0,0.000000,0.350000,0.100000
1.025000,0.000000,0.000000,0.000000,0.000000,0.000000,0,0.000000,0.350000,0.100000
1.030000,0.000000,0.000000,0.000000,0.000000,0.000000,0,0.000000,0.350000,0.100000
1.035000,209.040252,246.941651,250.220535,250.220535,146.953589,0,0.200000,0.350000,0.100000
1.040000,230.558025,246.941651,250.110231,250.110231,196.298561,0,0.200000,0.350000,0.100000
1.045000,242.758308,246.941651,250.043092,250.043092,245.400756,0,0.200000,0.350000,0.100000
1.050000,239.411846,246.941651,250.001982,250.001982,246.044051,0,0.200000,0.350000,0.100000
1.055000,231.584754,246.941651,249.970411,249.970411,246.254774,0,0.200000,0.350000,0.100000
1.060000,230.471571,246.941651,249.958420,249.958420,246.364266,0,0.200000,0.350000,0.100000
1.065000,237.662817,246.941651,249.982074,249.982074,246.729761,0,0.200000,0.350000,0.100000
1.070000,246.314351,246.941651,250.044328,250.044328,247.396108,0,0.200000,0.350000,0.100000
1.075000,251.001490,246.941651,250.146444,250.146444,248.128442,0,0.200000,0.350000,0.100000
1.080000,252.606896,246.941651,250.287477,250.287477,248.665148,0,0.200000,0.350000,0.100000
1.085000,253.282706,246.941651,250.453290,250.453290,248.995248,0,0.200000,0.350000,0.100000
1.090000,253.833667,246.941651,250.618114,250.618114,249.289742,0,0.200000,0.350000,0.100000
1.095000,255.589574,246.941651,250.770845,250.770845,249.630295,0,0.200000,0.350000,0.100000
1.100000,259.067791,246.941651,250.898829,250.898829,249.981401,0,0.200000,0.350000,0.100000
1.105000,262.267847,246.941651,250.990974,250.990974,250.288765,0,0.200000,0.350000,0.100000
1.110000,263.500098,246.941651,251.050068,251.050068,250.506087,0,0.200000,0.350000,0.100000
1.115000,262.909871,246.941651,251.074682,251.074682,250.600901,0,0.200000,0.350000,0.100000
1.120000,262.097420,246.941651,251.048403,251.048403,250.577289,0,0.200000,0.350000,0.100000
1.125000,262.034865,246.941651,250.956014,250.956014,250.468147,0,0.200000,0.350000,0.100000
1.130000,262.001426,246.941651,250.740491,250.740491,250.297408,0,0.200000,0.350000,0.100000
1.135000,261.464177,246.941651,250.294470,250.294470,250.049325,0,0.200000,0.350000,0.100000
1.140000,260.462524,246.941651,249.523848,249.523848,249.689411,0,0.200000,0.350000,0.100000
1.145000,259.436916,246.941651,248.347314,248.347314,248.973180,0,0.200000,0.350000,0.100000
1.150000,258.832550,246.941651,246.708563,246.708563,245.216277,0,0.200000,0.350000,0.100000
1.155000,258.245470,246.941651,240.979715,240.979715,238.008716,0,0.200000,0.350000,0.100000
1.160000,257.539081,246.941651,191.207339,191.207339,188.149414,0,0.200000,0.350000,0.100000
1.165000,256.803650,246.941651,134.230425,134.230425,138.409554,0,0.200000,0.350000,0.100000
1.170000,256.126300,0.000000,0.000000,0.000000,0.000000,0,0.000000,0.350000,0.100000
1.175000,255.661931,0.000000,0.000000,0.000000,0.000000,0,0.000000,0.350000,0.100000
1.180000,255.308585,0.000000,0.000000,0.000000,0.000000,0,0.000000,0.350000,0.100000
1.185000,254.753143,0.000000,0.000000,0.000000,0.000000,0,0.000000,0.350000,0.100000
1.190000,253.931728,0.000000,0.000000,0.000000,0.000000,0,0.000000,0.350000,0.100000
1.195000,253.179591,0.000000,0.000000,0.000000,0.000000,0,0.000000,0.350000,0.100000
1.200000,252.309014,0.000000,0.000000,0.000000,0.000000,0,0.000000,0.350000,0.100000
1.205000,250.992939,0.000000,0.000000,0.000000,0.000000,0,0.000000,0.350000,0.100000
1.210000,249.892416,0.000000,0.000000,0.000000,0.000000,0,0.000000,0.350000,0.100000
1.215000,249.313380,0.000000,0.000000,0.000000,0.000000,0,0.000000,0.350000,0.100000
1.220000,248.375633,0.000000,0.000000,0.000000,0.000000,0,0.000000,0.350000,0.100000
1.225000,247.068437,0.000000,0.000000,0.000000,0.000000,0,0.000000,0.350000,0.100000
1.230000,246.352974,0.000000,0.000000,0.000000,0.000000,0,0.000000,0.350000,0.100000
1.235000,246.897387,0.000000,0.000000,0.000000,0.000000,0,0.000000,0.350000,0.100000
1.240000,248.000545,0.000000,0.000000,0.000000,0.000000,0,0.000000,0.350000,0.100000
1.245000,248.846159,0.000000,0.000000,0.000000,0.000000,0,0.000000,0.350000,0.100000
1.250000,249.604284,0.000000,0.000000,0.000000,0.000000,0,0.000000,0.350000,0.100000
1.255000,251.074665,0.000000,0.000000,0.000000,0.000000,0,0.000000,0.350000,0.100000
1.260000,253.088072,0.000000,0.000000,0.000000,0.000000,0,0.000000,0.350000,0.100000
1.265000,254.428229,0.000000,0.000000,0.000000,0.000000,0,0.000000,0.350000,0.100000
1.270000,253.869456,0.000000,0.000000,0.000000,0.000000,0,0.000000,0.350000,0.100000
1.275000,252.128849,0.000000,0.000000,0.000000,0.000000,0,0.000000,0.350000,0.100000
1.280000,251.628738,0.000000,0.000000,0.000000,0.000000,0,0.000000,0.350000,0.100000
1.285000,254.309613,0.000000,0.000000,0.000000,0.000000,0,0.000000,0.350000,0.100000
1.290000,257.600602,0.000000,0.000000,0.000000,0.000000,0,0.000000,0.350000,0.100000
1.295000,257.690128,0.000000,0.000000,0.000000,0.000000,0,0.000000,0.350000,0.100000
1.300000,252.235806,0.000000,0.000000,0.000000,0.000000,0,0.000000,0.350000,0.100000
1.305000,240.285756,0.000000,0.000000,0.000000,0.000000,0,0.000000,0.350000,0.100000
1.310000,222.857280,0.000000,0.000000,0.000000,0.000000,0,0.000000,0.350000,0.100000
1.315000,204.404035,0.000000,0.000000,0.000000,0.000000,0,0.000000,0.350000,0.100000
1.320000,191.281946,0.000000,0.000000,0.000000,0.000000,0,0.000000,0.350000,0.100000
1.325000,186.835242,0.000000,0.000000,0.000000,0.000000,0,0.000000,0.350000,0.100000
1.330000,190.469901,0.000000,0.000000,0.000000,0.000000,0,0.000000,0.350000,0.100000
1.335000,202.166340,0.000000,0.000000,0.000000,0.000000,0,0.000000,0.350000,0.100000
1.340000,222.562146,0.000000,0.000000,0.000000,0.000000,0,0.000000,0.350000,0.100000
1.345000,246.576394,0.000000,0.000000,0.000000,0.000000,0,0.000000,0.350000,0.100000
1.350000,260.197597,0.000000,0.000000,0.000000,0.000000,0,0.000000,0.350000,0.100000
1.355000,258.286811,0.000000,0.000000,0.000000,0.000000,0,0.000000,0.350000,0.100000
1.360000,249.175179,415.304698,232.453097,232.453097,212.164241,0,0.200000,0.350000,0.100000
1.365000,240.004771,415.304698,304.345377,304.345377,285.972186,0,0.200000,0.350000,0.100000
1.370000,232.343791,415.304698,369.758904,369.758904,359.730209,0,0.200000,0.350000,0.100000
1.375000,226.268972,415.304698,359.461400,359.461400,367.064025,0,0.200000,0.350000,0.100000
1.380000,224.356219,415.304698,359.606556,359.606556,370.711652,0,0.200000,0.350000,0.100000
1.385000,229.306451,415.304698,361.561959,361.561959,371.059461,0,0.200000,0.350000,0.100000
1.390000,237.900464,415.304698,364.671475,364.671475,372.692678,0,0.200000,0.350000,0.100000
1.395000,246.625564,415.304698,368.269920,368.269920,374.763017,0,0.200000,0.350000,0.100000
1.400000,253.506652,415.304698,372.382323,372.382323,376.787399,0,0.200000,0.350000,0.100000
1.405000,257.389662,415.304698,376.732851,376.732851,378.491251,0,0.200000,0.350000,0.100000
1.410000,259.501002,415.304698,379.360887,379.360887,379.802149,0,0.200000,0.350000,0.100000
1.415000,260.991331,415.304698,380.813632,380.813632,380.681908,0,0.200000,0.350000,0.100000
1.420000,262.175920,415.304698,381.796835,381.796835,381.094827,0,0.200000,0.350000,0.100000
1.425000,262.208299,415.304698,382.327596,382.327596,381.140648,0,0.200000,0.350000,0.100000
1.430000,259.182805,415.304698,382.546212,382.546212,380.956989,0,0.200000,0.350000,0.100000
1.435000,254.283353,415.304698,382.714297,382.714297,380.646512,0,0.200000,0.350000,0.100000
1.440000,250.848614,415.304698,382.900525,382.900525,380.293164,0,0.200000,0.350000,0.100000
1.445000,249.587937,415.304698,383.045584,383.045584,379.985168,0,0.200000,0.350000,0.100000
1.450000,249.228548,415.304698,383.075562,383.075562,379.746928,0,0.200000,0.350000,0.100000
1.455000,248.327988,415.304698,382.968695,382.968695,379.519143,0,0.200000,0.350000,0.100000
1.460000,246.447728,415.304698,382.760707,382.760707,379.253175,0,0.200000,0.350000,0.100000
1.465000,244.225177,415.304698,382.510729,382.510729,378.947706,0,0.200000,0.350000,0.100000
1.470000,242.511424,415.304698,382.261867,382.261867,378.643277,0,0.200000,0.350000,0.100000
1.475000,241.338274,415.304698,382.056830,382.056830,378.376884,0,0.200000,0.350000,0.100000
1.480000,240.608351,415.304698,381.881531,381.881531,378.151801,0,0.200000,0.350000,0.100000
1.485000,239.912884,415.304698,381.699252,381.699252,377.940626,0,0.200000,0.350000,0.100000
1.490000,238.992539,415.304698,381.469441,381.469441,377.720761,0,0.200000,0.350000,0.100000
1.495000,237.802287,415.304698,381.184853,381.184853,377.485058,0,0.200000,0.350000,0.100000
1.500000,236.499733,415.304698,380.903294,380.903294,377.251365,0,0.200000,0.350000,0.100000
1.505000,235.255342,415.304698,380.727856,380.727856,377.052642,0,0.200000,0.350000,0.100000
1.510000,234.215078,415.304698,380.750638,380.750638,376.923616,0,0.200000,0.350000,0.100000
1.515000,233.347583,415.304698,381.062679,381.062679,376.896801,0,0.200000,0.350000,0.100000
1.520000,232.470124,415.304698,381.754253,381.754253,376.996119,0,0.200000,0.350000,0.100000
1.525000,231.696375,415.304698,382.869241,382.869241,377.228107,0,0.200000,0.350000,0.100000
1.530000,231.196031,415.304698,384.371423,384.371423,377.582105,0,0.200000,0.350000,0.100000
1.535000,230.842963,415.304698,386.206498,386.206498,378.034326,0,0.200000,0.350000,0.100000
1.540000,230.312625,415.304698,388.332636,388.332636,378.553540,0,0.200000,0.350000,0.100000
1.545000,229.217964,415.304698,390.728915,390.728915,379.128624,0,0.200000,0.350000,0.100000
1.550000,227.545946,415.304698,393.381689,393.381689,379.779822,0,0.200000,0.350000,0.100000
1.555000,226.119898,415.304698,396.254594,396.254594,380.535294,0,0.200000,0.350000,0.100000
1.560000,225.839330,415.304698,399.290296,399.290296,381.398757,0,0.200000,0.350000,0.100000
1.565000,226.688837,415.304698,402.420944,402.420944,382.340164,0,0.200000,0.350000,0.100000
1.570000,227.779828,415.304698,405.479252,405.479252,383.300356,0,0.200000,0.350000,0.100000
1.575000,228.410810,415.304698,408.247131,408.247131,384.182932,0,0.200000,0.350000,0.100000
1.580000,228.531009,415.304698,410.652150,410.652150,384.905523,0,0.200000,0.350000,0.100000
1.585000,227.567018,415.304698,412.768318,412.768318,385.485127,0,0.200000,0.350000,0.100000
1.590000,225.628603,415.304698,414.693153,414.693153,386.007876,0,0.200000,0.350000,0.100000
1.595000,224.557225,415.304698,416.509118,416.509118,386.555589,0,0.200000,0.350000,0.100000
1.600000,225.519099,415.304698,418.187670,418.187670,387.190221,0,0.200000,0.350000,0.100000
1.605000,228.477716,415.304698,419.579128,419.579128,387.897638,0,0.200000,0.350000,0.100000
1.610000,232.598906,415.304698,420.565142,420.565142,391.860994,0,0.200000,0.350000,0.100000
1.615000,235.768277,415.304698,421.118842,421.118842,395.695223,0,0.200000,0.350000,0.100000
1.620000,238.160469,415.304698,421.249799,421.249799,399.294753,1,0.900000,0.350000,0.100000
1.625000,240.019360,415.304698,421.071494,421.071494,402.610408,1,0.900000,0.350000,0.100000
1.630000,238.986036,415.304698,420.751024,420.751024,405.682769,1,0.900000,0.350000,0.100000
1.635000,236.254560,415.304698,420.331595,420.331595,405.280327,1,0.900000,0.350000,0.100000
1.640000,234.253142,415.304698,419.716214,419.716214,404.719690,1,0.900000,0.350000,0.100000
1.645000,232.809156,415.304698,418.826075,418.826075,323.544702,1,0.900000,0.350000,0.100000
1.650000,232.543687,415.304698,417.697349,417.697349,242.466105,1,0.900000,0.350000,0.100000
1.655000,0.000000,0.000000,0.000000,0.000000,0.000000,0,0.000000,0.350000,0.100000
1.660000,0.000000,0.000000,0.000000,0.000000,0.000000,0,0.000000,0.350000,0.100000
1.665000,0.000000,0.000000,0.000000,0.000000,0.000000,0,0.000000,0.350000,0.100000
1.670000,0.000000,0.000000,0.000000,0.000000,0.000000,0,0.000000,0.350000,0.100000
1.675000,0.000000,0.000000,0.000000,0.000000,0.000000,0,0.000000,0.350000,0.100000
1.680000,0.000000,0.000000,0.000000,0.000000,0.000000,0,0.000000,0.350000,0.100000
1.685000,0.000000,0.000000,0.000000,0.000000,0.000000,0,0.000000,0.350000,0.100000
1.690000,0.000000,0.000000,0.000000,0.000000,0.000000,0,0.000000,0.350000,0.100000
1.695000,0.000000,0.000000,0.000000,0.000000,0.000000,0,0.000000,0.350000,0.100000
1.700000,0.000000,0.000000,0.000000,0.000000,0.000000,0,0.000000,0.350000,0.100000
1.705000,0.000000,0.000000,0.000000,0.000000,0.000000,0,0.000000,0.350000,0.100000
1.710000,0.000000,0.000000,0.000000,0.000000,0.000000,0,0.000000,0.350000,0.100000
1.715000,0.000000,0.000000,0.000000,0.000000,0.000000,0,0.000000,0.350000,0.100000
1.720000,0.000000,0.000000,0.000000,0.000000,0.000000,0,0.000000,0.350000,0.100000
1.725000,0.000000,0.000000,0.000000,0.000000,0.000000,0,0.000000,0.350000,0.100000
1.730000,0.000000,0.000000,0.000000,0.000000,0.000000,0,0.000000,0.350000,0.100000
1.735000,0.000000,0.000000,0.000000,0.000000,0.000000,0,0.000000,0.350000,0.100000
1.740000,0.000000,0.000000,0.000000,0.000000,0.000000,0,0.000000,0.350000,0.100000
1.745000,0.000000,0.000000,0.000000,0.000000,0.000000,0,0.000000,0.350000,0.100000
1.750000,0.000000,0.000000,0.000000,0.000000,0.000000,0,0.000000,0.350000,0.100000
1.755000,0.000000,0.000000,0.000000,0.000000,0.000000,0,0.000000,0.350000,0.100000
1.760000,0.000000,0.000000,0.000000,0.000000,0.000000,0,0.000000,0.350000,0.100000
1.765000,0.000000,0.000000,0.000000,0.000000,0.000000,0,0.000000,0.350000,0.100000
1.770000,0.000000,0.000000,0.000000,0.000000,0.000000,0,0.000000,0.350000,0.100000
1.775000,0.000000,0.000000,0.000000,0.000000,0.000000,0,0.000000,0.350000,0.100000
1.780000,0.000000,0.000000,0.000000,0.000000,0.000000,0,0.000000,0.350000,0.100000
1.785000,0.000000,0.000000,0.000000,0.000000,0.000000,0,0.000000,0.350000,0.100000
1.790000,0.000000,0.000000,0.000000,0.000000,0.000000,0,0.000000,0.350000,0.100000
1.795000,0.000000,0.000000,0.000000,0.000000,0.000000,0,0.000000,0.350000,0.100000
1.800000,0.000000,0.000000,0.000000,0.000000,0.000000,0,0.000000,0.350000,0.100000
1.805000,0.000000,0.000000,0.000000,0.000000,0.000000,0,0.000000,0.350000,0.100000
1.810000,0.000000,0.000000,0.000000,0.000000,0.000000,0,0.000000,0.350000,0.100000
1.815000,0.000000,0.000000,0.000000,0.000000,0.000000,0,0.000000,0.350000,0.100000
1.820000,0.000000,0.000000,0.000000,0.000000,0.000000,0,0.000000,0.350000,0.100000
1.825000,0.000000,0.000000,0.000000,0.000000,0.000000,0,0.000000,0.350000,0.100000
1.830000,0.000000,0.000000,0.000000,0.000000,0.000000,0,0.000000,0.350000,0.100000
1.835000,0.000000,0.000000,0.000000,0.000000,0.000000,0,0.000000,0.350000,0.100000
1.840000,0.000000,0.000000,0.000000,0.000000,0.000000,0,0.000000,0.350000,0.100000
1.845000,0.000000,0.000000,0.000000,0.000000,0.000000,0,0.000000,0.350000,0.100000
1.850000,0.000000,0.000000,0.000000,0.000000,0.000000,0,0.000000,0.350000,0.100000
1.855000,0.000000,0.000000,0.000000,0.000000,0.000000,0,0.000000,0.350000,0.100000
1.860000,0.000000,0.000000,0.000000,0.000000,0.000000,0,0.000000,0.350000,0.100000
1.865000,0.000000,0.000000,0.000000,0.000000,0.000000,0,0.000000,0.350000,0.100000
1.870000,0.000000,0.000000,0.000000,0.000000,0.000000,0,0.000000,0.350000,0.100000
1.875000,0.000000,0.000000,0.000000,0.000000,0.000000,0,0.000000,0.350000,0.100000
1.880000,0.000000,0.000000,0.000000,0.000000,0.000000,0,0.000000,0.350000,0.100000
1.885000,0.000000,0.000000,0.000000,0.000000,0.000000,0,0.000000,0.350000,0.100000
1.890000,0.000000,0.000000,0.000000,0.000000,0.000000,0,0.000000,0.350000,0.100000
1.895000,0.000000,0.000000,0.000000,0.000000,0.000000,0,0.000000,0.350000,0.100000
1.900000,0.000000,0.000000,0.000000,0.000000,0.000000,0,0.000000,0.350000,0.100000
1.905000,0.000000,0.000000,0.000000,0.000000,0.000000,0,0.000000,0.350000,0.100000
1.910000,0.000000,0.000000,0.000000,0.000000,0.000000,0,0.000000,0.350000,0.100000
1.915000,0.000000,0.000000,0.000000,0.000000,0.000000,0,0.000000,0.350000,0.100000
1.920000,0.000000,0.000000,0.000000,0.000000,0.000000,0,0.000000,0.350000,0.100000
1.925000,0.000000,0.000000,0.000000,0.000000,0.000000,0,0.000000,0.350000,0.100000
1.930000,0.000000,0.000000,0.000000,0.000000,0.000000,0,0.000000,0.350000,0.100000
1.935000,0.000000,0.000000,0.000000,0.000000,0.000000,0,0.000000,0.350000,0.100000
1.940000,0.000000,0.000000,0.000000,0.000000,0.000000,0,0.000000,0.350000,0.100000
1.945000,0.000000,0.000000,0.000000,0.000000,0.000000,0,0.000000,0.350000,0.100000
1.950000,298.215692,415.304698,418.393849,418.393849,244.753364,1,0.900000,0.350000,0.100000
1.955000,286.816279,415.304698,418.567018,418.567018,326.052180,1,0.900000,0.350000,0.100000
1.960000,275.588227,415.304698,418.542751,418.542751,407.258860,1,0.900000,0.350000,0.100000
1.965000,268.688744,415.304698,418.379428,418.379428,406.640067,1,0.900000,0.350000,0.100000
1.970000,265.270872,415.304698,418.068177,418.068177,406.050332,1,0.900000,0.350000,0.100000
1.975000,263.563780,415.304698,417.603119,417.603119,405.487210,1,0.900000,0.350000,0.100000
1.980000,260.663835,415.304698,417.049831,417.049831,404.922286,1,0.900000,0.350000,0.100000
1.985000,255.959231,415.304698,416.500335,416.500335,404.338473,1,0.900000,0.350000,0.100000
1.990000,252.033660,415.304698,415.993060,415.993060,403.764261,1,0.900000,0.350000,0.100000
1.995000,248.662505,415.304698,415.534958,415.534958,403.269693,1,0.900000,0.350000,0.100000
2.000000,247.094959,415.304698,415.126397,415.126397,402.902525,1,0.900000,0.350000,0.100000
2.005000,247.714035,415.304698,414.779436,414.779436,402.640378,1,0.900000,0.350000,0.100000
2.010000,249.129676,415.304698,414.505416,414.505416,402.452627,1,0.900000,0.350000,0.100000
2.015000,249.736828,415.304698,414.282163,414.282163,402.305539,1,0.900000,0.350000,0.100000
2.020000,248.726263,415.304698,414.119736,414.119736,402.167879,1,0.900000,0.350000,0.100000
2.025000,246.932319,415.304698,414.041313,414.041313,402.020006,1,0.900000,0.350000,0.100000
2.030000,245.269069,415.304698,414.018647,414.018647,401.869556,1,0.900000,0.350000,0.100000
2.035000,243.992759,415.304698,413.967137,413.967137,401.737619,1,0.900000,0.350000,0.100000
2.040000,243.099950,415.304698,413.891223,413.891223,401.635583,1,0.900000,0.350000,0.100000
2.045000,242.491763,415.304698,413.822925,413.822925,401.559755,1,0.900000,0.350000,0.100000
2.050000,242.178522,415.304698,413.804242,413.804242,401.509705,1,0.900000,0.350000,0.100000
2.055000,242.094743,415.304698,413.802645,413.802645,401.475316,1,0.900000,0.350000,0.100000
2.060000,242.121168,415.304698,413.799714,413.799714,401.437838,1,0.900000,0.350000,0.100000
2.065000,242.277067,415.304698,413.724734,413.724734,401.374917,1,0.900000,0.350000,0.100000
2.070000,242.448436,415.304698,413.546659,413.546659,401.278144,1,0.900000,0.350000,0.100000
2.075000,242.591148,415.304698,413.286486,413.286486,401.137982,1,0.900000,0.350000,0.100000
2.080000,242.681293,415.304698,413.011677,413.011677,400.963380,1,0.900000,0.350000,0.100000
2.085000,242.679217,415.304698,412.686487,412.686487,399.924978,1,0.900000,0.350000,0.100000
2.090000,242.670159,415.304698,412.371541,412.371541,387.915143,1,0.900000,0.350000,0.100000
2.095000,242.663353,415.304698,405.734767,405.734767,363.225520,1,0.900000,0.350000,0.100000
2.100000,242.586853,415.304698,323.213203,323.213203,283.071090,1,0.900000,0.350000,0.100000
2.105000,242.491388,415.304698,227.860603,227.860603,202.958786,1,0.900000,0.350000,0.100000
2.110000,242.421368,0.000000,0.000000,0.000000,0.000000,0,0.000000,0.350000,0.100000
2.115000,242.364794,0.000000,0.000000,0.000000,0.000000,0,0.000000,0.350000,0.100000
2.120000,242.299786,0.000000,0.000000,0.000000,0.000000,0,0.000000,0.350000,0.100000
2.125000,242.160026,0.000000,0.000000,0.000000,0.000000,0,0.000000,0.350000,0.100000
2.130000,241.977477,0.000000,0.000000,0.000000,0.000000,0,0.000000,0.350000,0.100000
2.135000,241.752926,0.000000,0.000000,0.000000,0.000000,0,0.000000,0.350000,0.100000
2.140000,241.364484,0.000000,0.000000,0.000000,0.000000,0,0.000000,0.350000,0.100000
2.145000,240.830753,0.000000,0.000000,0.000000,0.000000,0,0.000000,0.350000,0.100000
2.150000,240.297660,0.000000,0.000000,0.000000,0.000000,0,0.000000,0.350000,0.100000
2.155000,239.734083,0.000000,0.000000,0.000000,0.000000,0,0.000000,0.350000,0.100000
2.160000,239.273041,0.000000,0.000000,0.000000,0.000000,0,0.000000,0.350000,0.100000
2.165000,239.079629,0.000000,0.000000,0.000000,0.000000,0,0.000000,0.350000,0.100000
2.170000,238.760406,0.000000,0.000000,0.000000,0.000000,0,0.000000,0.350000,0.100000
2.175000,238.405073,0.000000,0.000000,0.000000,0.000000,0,0.000000,0.350000,0.100000
2.180000,238.606352,0.000000,0.000000,0.000000,0.000000,0,0.000000,0.350000,0.100000
2.185000,239.181904,0.000000,0.000000,0.000000,0.000000,0,0.000000,0.350000,0.100000
2.190000,239.830476,0.000000,0.000000,0.000000,0.000000,0,0.000000,0.350000,0.100000
2.195000,240.597502,0.000000,0.000000,0.000000,0.000000,0,0.000000,0.350000,0.100000
2.200000,241.341182,0.000000,0.000000,0.000000,0.000000,0,0.000000,0.350000,0.100000
2.205000,242.778535,0.000000,0.000000,0.000000,0.000000,0,0.000000,0.350000,0.100000
2.210000,245.946236,0.000000,0.000000,0.000000,0.000000,0,0.000000,0.350000,0.100000
2.215000,251.098721,0.000000,0.000000,0.000000,0.000000,0,0.000000,0.350000,0.100000
2.220000,255.865669,0.000000,0.000000,0.000000,0.000000,0,0.000000,0.350000,0.100000
2.225000,257.096618,0.000000,0.000000,0.000000,0.000000,0,0.000000,0.350000,0.100000
2.230000,256.617945,0.000000,0.000000,0.000000,0.000000,0,0.000000,0.350000,0.100000
2.235000,256.546238,0.000000,0.000000,0.000000,0.000000,0,0.000000,0.350000,0.100000
2.240000,257.058764,0.000000,0.000000,0.000000,0.000000,0,0.000000,0.350000,0.100000
2.245000,256.494294,0.000000,0.000000,0.000000,0.000000,0,0.000000,0.350000,0.100000
2.250000,251.709688,0.000000,0.000000,0.000000,0.000000,0,0.000000,0.350000,0.100000
2.255000,246.525868,0.000000,0.000000,0.000000,0.000000,0,0.000000,0.350000,0.100000
2.260000,246.477508,0.000000,0.000000,0.000000,0.000000,0,0.000000,0.350000,0.100000
2.265000,250.138777,0.000000,0.000000,0.000000,0.000000,0,0.000000,0.350000,0.100000
2.270000,253.490549,0.000000,0.000000,0.000000,0.000000,0,0.000000,0.350000,0.100000
2.275000,254.070846,0.000000,0.000000,0.000000,0.000000,0,0.000000,0.350000,0.100000
2.280000,251.959620,0.000000,0.000000,0.000000,0.000000,0,0.000000,0.350000,0.100000
2.285000,247.825081,0.000000,0.000000,0.000000,0.000000,0,0.000000,0.350000,0.100000
2.290000,237.899809,0.000000,0.000000,0.000000,0.000000,0,0.000000,0.350000,0.100000
2.295000,221.374039,0.000000,0.000000,0.000000,0.000000,0,0.000000,0.350000,0.100000
2.300000,209.474038,0.000000,0.000000,0.000000,0.000000,0,0.000000,0.350000,0.100000
2.305000,211.750016,0.000000,0.000000,0.000000,0.000000,0,0.000000,0.350000,0.100000
2.310000,224.391829,0.000000,0.000000,0.000000,0.000000,0,0.000000,0.350000,0.100000
2.315000,234.461216,0.000000,0.000000,0.000000,0.000000,0,0.000000,0.350000,0.100000
2.320000,237.396878,0.000000,0.000000,0.000000,0.000000,0,0.000000,0.350000,0.100000
2.325000,235.652310,0.000000,0.000000,0.000000,0.000000,0,0.000000,0.350000,0.100000
2.330000,229.988259,0.000000,0.000000,0.000000,0.000000,0,0.000000,0.350000,0.100000
2.335000,221.915622,0.000000,0.000000,0.000000,0.000000,0,0.000000,0.350000,0.100000
2.340000,216.507434,0.000000,0.000000,0.000000,0.000000,0,0.000000,0.350000,0.100000
2.345000,216.348843,0.000000,0.000000,0.000000,0.000000,0,0.000000,0.350000,0.100000
2.350000,219.201985,0.000000,0.000000,0.000000,0.000000,0,0.000000,0.350000,0.100000
2.355000,221.885061,0.000000,0.000000,0.000000,0.000000,0,0.000000,0.350000,0.100000
2.360000,0.000000,0.000000,0.000000,0.000000,0.000000,0,0.000000,0.350000,0.100000
2.365000,0.000000,0.000000,0.000000,0.000000,0.000000,0,0.000000,0.350000,0.100000
2.370000,0.000000,0.000000,0.000000,0.000000,0.000000,0,0.000000,0.350000,0.100000
2.375000,0.000000,0.000000,0.000000,0.000000,0.000000,0,0.000000,0.350000,0.100000
2.380000,0.000000,0.000000,0.000000,0.000000,0.000000,0,0.000000,0.350000,0.100000
2.385000,0.000000,0.000000,0.000000,0.000000,0.000000,0,0.000000,0.350000,0.100000
2.390000,0.000000,0.000000,0.000000,0.000000,0.000000,0,0.000000,0.350000,0.100000
2.395000,0.000000,0.000000,0.000000,0.000000,0.000000,0,0.000000,0.350000,0.100000
2.400000,0.000000,0.000000,0.000000,0.000000,0.000000,0,0.000000,0.350000,0.100000
2.405000,0.000000,0.000000,0.000000,0.000000,0.000000,0,0.000000,0.350000,0.100000
2.410000,0.000000,0.000000,0.000000,0.000000,0.000000,0,0.000000,0.350000,0.100000
2.415000,0.000000,0.000000,0.000000,0.000000,0.000000,0,0.000000,0.350000,0.100000
2.420000,232.958543,0.000000,0.000000,0.000000,0.000000,0,0.000000,0.350000,0.100000
2.425000,239.504174,0.000000,0.000000,0.000000,0.000000,0,0.000000,0.350000,0.100000
2.430000,249.954305,0.000000,0.000000,0.000000,0.000000,0,0.000000,0.350000,0.100000
2.435000,257.512568,0.000000,0.000000,0.000000,0.000000,0,0.000000,0.350000,0.100000
2.440000,257.578088,0.000000,0.000000,0.000000,0.000000,0,0.000000,0.350000,0.100000
2.445000,251.425808,0.000000,0.000000,0.000000,0.000000,0,0.000000,0.350000,0.100000
2.450000,243.362263,0.000000,0.000000,0.000000,0.000000,0,0.000000,0.350000,0.100000
2.455000,238.955219,0.000000,0.000000,0.000000,0.000000,0,0.000000,0.350000,0.100000
2.460000,238.356023,0.000000,0.000000,0.000000,0.000000,0,0.000000,0.350000,0.100000
2.465000,241.071888,0.000000,0.000000,0.000000,0.000000,0,0.000000,0.350000,0.100000
2.470000,246.860784,0.000000,0.000000,0.000000,0.000000,0,0.000000,0.350000,0.100000
2.475000,254.538981,0.000000,0.000000,0.000000,0.000000,0,0.000000,0.350000,0.100000
2.480000,262.032484,0.000000,0.000000,0.000000,0.000000,0,0.000000,0.350000,0.100000
2.485000,263.627415,0.000000,0.000000,0.000000,0.000000,0,0.000000,0.350000,0.100000
2.490000,257.569572,0.000000,0.000000,0.000000,0.000000,0,0.000000,0.350000,0.100000
2.495000,249.090039,0.000000,0.000000,0.000000,0.000000,0,0.000000,0.350000,0.100000
2.500000,242.859416,0.000000,0.000000,0.000000,0.000000,0,0.000000,0.350000,0.100000
2.505000,239.677052,0.000000,0.000000,0.000000,0.000000,0,0.000000,0.350000,0.100000
2.510000,238.166906,0.000000,0.000000,0.000000,0.000000,0,0.000000,0.350000,0.100000
2.515000,237.315138,0.000000,0.000000,0.000000,0.000000,0,0.000000,0.350000,0.100000
2.520000,236.854483,0.000000,0.000000,0.000000,0.000000,0,0.000000,0.350000,0.100000
2.525000,236.670127,0.000000,0.000000,0.000000,0.000000,0,0.000000,0.350000,0.100000
2.530000,236.649431,0.000000,0.000000,0.000000,0.000000,0,0.000000,0.350000,0.100000
2.535000,236.914917,0.000000,0.000000,0.000000,0.000000,0,0.000000,0.350000,0.100000
2.540000,237.813672,0.000000,0.000000,0.000000,0.000000,0,0.000000,0.350000,0.100000
2.545000,239.617892,0.000000,0.000000,0.000000,0.000000,0,0.000000,0.350000,0.100000
2.550000,242.341971,0.000000,0.000000,0.000000,0.000000,0,0.000000,0.350000,0.100000
2.555000,245.176437,0.000000,0.000000,0.000000,0.000000,0,0.000000,0.350000,0.100000
2.560000,246.196531,0.000000,0.000000,0.000000,0.000000,0,0.000000,0.350000,0.100000
2.565000,245.004151,0.000000,0.000000,0.000000,0.000000,0,0.000000,0.350000,0.100000
2.570000,243.835266,0.000000,0.000000,0.000000,0.000000,0,0.000000,0.350000,0.100000
2.575000,244.381459,0.000000,0.000000,0.000000,0.000000,0,0.000000,0.350000,0.100000
2.580000,246.202208,0.000000,0.000000,0.000000,0.000000,0,0.000000,0.350000,0.100000
2.585000,248.048941,0.000000,0.000000,0.000000,0.000000,0,0.000000,0.350000,0.100000
2.590000,249.428577,0.000000,0.000000,0.000000,0.000000,0,0.000000,0.350000,0.100000
2.595000,250.403619,0.000000,0.000000,0.000000,0.000000,0,0.000000,0.350000,0.100000
2.600000,251.377276,0.000000,0.000000,0.000000,0.000000,0,0.000000,0.350000,0.100000
2.605000,252.591614,0.000000,0.000000,0.000000,0.000000,0,0.000000,0.350000,0.100000
2.610000,253.752675,0.000000,0.000000,0.000000,0.000000,0,0.000000,0.350000,0.100000
2.615000,254.788038,0.000000,0.000000,0.000000,0.000000,0,0.000000,0.350000,0.100000
2.620000,255.832830,0.000000,0.000000,0.000000,0.000000,0,0.000000,0.350000,0.100000
2.625000,256.571191,0.000000,0.000000,0.000000,0.000000,0,0.000000,0.350000,0.100000
2.630000,256.889308,0.000000,0.000000,0.000000,0.000000,0,0.000000,0.350000,0.100000
2.635000,257.087039,0.000000,0.000000,0.000000,0.000000,0,0.000000,0.350000,0.100000
2.640000,257.234458,0.000000,0.000000,0.000000,0.000000,0,0.000000,0.350000,0.100000
2.645000,257.408850,0.000000,0.000000,0.000000,0.000000,0,0.000000,0.350000,0.100000
2.650000,257.817777,0.000000,0.000000,0.000000,0.000000,0,0.000000,0.350000,0.100000
2.655000,258.592611,0.000000,0.000000,0.000000,0.000000,0,0.000000,0.350000,0.100000
2.660000,259.642867,0.000000,0.000000,0.000000,0.000000,0,0.000000,0.350000,0.100000
2.665000,260.930918,0.000000,0.000000,0.000000,0.000000,0,0.000000,0.350000,0.100000
2.670000,262.443615,0.000000,0.000000,0.000000,0.000000,0,0.000000,0.350000,0.100000
2.675000,264.170138,0.000000,0.000000,0.000000,0.000000,0,0.000000,0.350000,0.100000
2.680000,266.221744,0.000000,0.000000,0.000000,0.000000,0,0.000000,0.350000,0.100000
2.685000,268.554029,0.000000,0.000000,0.000000,0.000000,0,0.000000,0.350000,0.100000
2.690000,271.140922,0.000000,0.000000,0.000000,0.000000,0,0.000000,0.350000,0.100000
2.695000,273.922024,0.000000,0.000000,0.000000,0.000000,0,0.000000,0.350000,0.100000
2.700000,276.602425,0.000000,0.000000,0.000000,0.000000,0,0.000000,0.350000,0.100000
2.705000,279.128382,0.000000,0.000000,0.000000,0.000000,0,0.000000,0.350000,0.100000
2.710000,281.804135,246.941651,131.621975,131.621975,138.257644,0,0.200000,0.350000,0.100000
2.715000,284.926594,246.941651,175.015464,175.015464,187.250570,0,0.200000,0.350000,0.100000
2.720000,288.773889,246.941651,215.853303,215.853303,236.434203,0,0.200000,0.350000,0.100000
2.725000,292.696597,246.941651,217.638852,217.638852,242.390037,0,0.200000,0.350000,0.100000
2.730000,295.510026,246.941651,219.331135,219.331135,245.657806,0,0.200000,0.350000,0.100000
2.735000,297.179264,246.941651,220.716726,220.716726,246.322509,0,0.200000,0.350000,0.100000
2.740000,298.603133,246.941651,221.278426,221.278426,246.781095,0,0.200000,0.350000,0.100000
2.745000,300.057031,246.941651,221.013168,221.013168,247.113319,0,0.200000,0.350000,0.100000
2.750000,301.899239,246.941651,220.489544,220.489544,247.418482,0,0.200000,0.350000,0.100000
2.755000,304.482915,246.941651,220.243334,220.243334,247.766011,0,0.200000,0.350000,0.100000
2.760000,307.529997,246.941651,220.500254,220.500254,248.191873,0,0.200000,0.350000,0.100000
2.765000,310.017914,246.941651,221.218388,221.218388,248.677647,0,0.200000,0.350000,0.100000
2.770000,311.650471,246.941651,222.136707,222.136707,249.148788,0,0.200000,0.350000,0.100000
2.775000,312.713522,246.941651,222.976223,222.976223,249.529689,0,0.200000,0.350000,0.100000
2.780000,313.179639,246.941651,223.551023,223.551023,249.789578,0,0.200000,0.350000,0.100000
2.785000,313.220913,246.941651,223.844434,223.844434,249.947383,0,0.200000,0.350000,0.100000
2.790000,312.854029,246.941651,224.023528,224.023528,250.052400,0,0.200000,0.350000,0.100000
2.795000,312.422325,246.941651,224.315108,224.315108,250.169189,0,0.200000,0.350000,0.100000
2.800000,312.276861,246.941651,224.901078,224.901078,250.356656,0,0.200000,0.350000,0.100000
2.805000,312.266898,246.941651,225.905219,225.905219,248.304686,0,0.200000,0.350000,0.100000
2.810000,312.417947,246.941651,227.292258,227.292258,246.466560,0,0.200000,0.350000,0.100000
2.815000,312.375785,246.941651,228.914368,228.914368,244.815859,1,0.900000,0.350000,0.100000
2.820000,311.457464,246.941651,230.655185,230.655185,243.320705,1,0.900000,0.350000,0.100000
2.825000,309.761966,246.941651,232.486146,232.486146,241.960163,1,0.900000,0.350000,0.100000
2.830000,307.335175,246.941651,234.383537,234.383537,243.069353,1,0.900000,0.350000,0.100000
2.835000,305.250708,246.941651,236.299766,236.299766,244.168356,1,0.900000,0.350000,0.100000
2.840000,304.095126,246.941651,238.153370,238.153370,245.237667,1,0.900000,0.350000,0.100000
2.845000,302.593531,246.941651,239.882586,239.882586,246.295328,1,0.900000,0.350000,0.100000
2.850000,300.988173,246.941651,241.480847,241.480847,247.376514,1,0.900000,0.350000,0.100000
2.855000,301.218621,246.941651,242.995609,242.995609,248.522510,1,0.900000,0.350000,0.100000
2.860000,304.317818,246.941651,244.512317,244.512317,249.764868,1,0.900000,0.350000,0.100000
2.865000,310.108864,246.941651,246.080147,246.080147,251.060758,1,0.900000,0.350000,0.100000
2.870000,316.564339,246.941651,247.647954,247.647954,252.280509,1,0.900000,0.350000,0.100000
2.875000,320.032014,246.941651,249.084043,249.084043,253.285539,1,0.900000,0.350000,0.100000
2.880000,317.858366,246.941651,250.294882,250.294882,253.993446,1,0.900000,0.350000,0.100000
2.885000,311.361338,246.941651,251.267428,251.267428,254.412240,1,0.900000,0.350000,0.100000
2.890000,303.884754,246.941651,252.081015,252.081015,254.628067,1,0.900000,0.350000,0.100000
2.895000,297.916669,246.941651,252.860873,252.860873,254.734271,1,0.900000,0.350000,0.100000
2.900000,292.933254,246.941651,253.713717,253.713717,254.874115,1,0.900000,0.350000,0.100000
2.905000,285.912517,246.941651,254.640952,254.640952,255.208822,1,0.900000,0.350000,0.100000
2.910000,282.385532,246.941651,255.535795,255.535795,255.727898,1,0.900000,0.350000,0.100000
2.915000,288.715390,246.941651,256.276805,256.276805,256.301901,1,0.900000,0.350000,0.100000
2.920000,297.612953,246.941651,256.787684,256.787684,256.817438,1,0.900000,0.350000,0.100000
2.925000,301.875127,246.941651,257.025201,257.025201,257.156335,1,0.900000,0.350000,0.100000
2.930000,299.648898,246.941651,256.981210,256.981210,257.203270,1,0.900000,0.350000,0.100000
2.935000,295.019009,246.941651,256.673802,256.673802,256.942440,1,0.900000,0.350000,0.100000
2.940000,293.274424,246.941651,256.122260,256.122260,205.395807,1,0.900000,0.350000,0.100000
2.945000,292.590053,246.941651,255.389561,255.389561,153.888021,1,0.900000,0.350000,0.100000
2.950000,0.000000,0.000000,0.000000,0.000000,0.000000,0,0.000000,0.350000,0.100000
2.955000,0.000000,0.000000,0.000000,0.000000,0.000000,0,0.000000,0.350000,0.100000
2.960000,0.000000,0.000000,0.000000,0.000000,0.000000,0,0.000000,0.350000,0.100000
2.965000,0.000000,0.000000,0.000000,0.000000,0.000000,0,0.000000,0.350000,0.100000
2.970000,0.000000,0.000000,0.000000,0.000000,0.000000,0,0.000000,0.350000,0.100000
2.975000,0.000000,0.000000,0.000000,0.000000,0.000000,0,0.000000,0.350000,0.100000
2.980000,574.866098,246.941651,250.404791,250.404791,161.998245,1,0.900000,0.350000,0.100000
2.985000,534.841912,246.941651,250.052589,250.052589,214.444723,1,0.900000,0.350000,0.100000
2.990000,479.169526,246.941651,249.888914,249.888914,265.763796,1,0.900000,0.350000,0.100000
2.995000,427.107127,246.941651,249.859374,249.859374,255.243322,1,0.900000,0.350000,0.100000
3.000000,385.971190,246.941651,245.974500,245.974500,237.338768,1,0.900000,0.350000,0.100000
3.005000,354.197542,246.941651,196.019965,196.019965,184.117056,1,0.900000,0.350000,0.100000
3.010000,332.621107,246.941651,138.237409,138.237409,131.670578,1,0.900000,0.350000,0.100000
3.015000,321.944720,0.000000,0.000000,0.000000,0.000000,0,0.000000,0.350000,0.100000
3.020000,318.455091,0.000000,0.000000,0.000000,0.000000,0,0.000000,0.350000,0.100000
3.025000,316.155870,0.000000,0.000000,0.000000,0.000000,0,0.000000,0.350000,0.100000
3.030000,310.086525,0.000000,0.000000,0.000000,0.000000,0,0.000000,0.350000,0.100000
3.035000,298.384337,0.000000,0.000000,0.000000,0.000000,0,0.000000,0.350000,0.100000
3.040000,287.233425,0.000000,0.000000,0.000000,0.000000,0,0.000000,0.350000,0.100000
3.045000,282.868609,0.000000,0.000000,0.000000,0.000000,0,0.000000,0.350000,0.100000
3.050000,283.216472,246.941651,155.273757,155.273757,143.607942,0,0.200000,0.350000,0.100000
3.055000,283.691063,246.941651,205.773470,205.773470,194.098149,0,0.200000,0.350000,0.100000
3.060000,280.641675,246.941651,252.363564,252.363564,244.277665,0,0.200000,0.350000,0.100000
3.065000,271.748752,246.941651,252.443596,252.443596,249.412763,0,0.200000,0.350000,0.100000
3.070000,261.588912,246.941651,252.474784,252.474784,251.402500,0,0.200000,0.350000,0.100000
3.075000,255.792112,246.941651,252.431283,252.431283,250.695800,0,0.200000,0.350000,0.100000
3.080000,255.348305,246.941651,252.278070,252.278070,250.352946,0,0.200000,0.350000,0.100000
3.085000,258.373319,246.941651,252.013870,252.013870,250.398047,0,0.200000,0.350000,0.100000
3.090000,262.118622,246.941651,251.687292,251.687292,250.639577,0,0.200000,0.350000,0.100000
3.095000,265.308042,246.941651,251.348111,251.348111,250.802365,0,0.200000,0.350000,0.100000
3.100000,266.480153,246.941651,251.012118,251.012118,250.680917,0,0.200000,0.350000,0.100000
3.105000,263.825118,246.941651,250.684972,250.684972,250.217549,0,0.200000,0.350000,0.100000
3.110000,257.665164,246.941651,250.394421,250.394421,249.477532,0,0.200000,0.350000,0.100000
3.115000,250.073415,246.941651,250.180154,250.180154,248.599247,0,0.200000,0.350000,0.100000
3.120000,243.816723,246.941651,250.068500,250.068500,247.772190,0,0.200000,0.350000,0.100000
3.125000,239.880662,246.941651,250.039727,250.039727,247.146302,0,0.200000,0.350000,0.100000
3.130000,238.143484,246.941651,250.086112,250.086112,246.762765,0,0.200000,0.350000,0.100000
3.135000,237.741118,246.941651,250.185767,250.185767,246.554473,0,0.200000,0.350000,0.100000
3.140000,237.455031,246.941651,250.256869,250.256869,246.436538,0,0.200000,0.350000,0.100000
3.145000,236.732690,246.941651,250.225776,250.225776,246.735523,0,0.200000,0.350000,0.100000
3.150000,235.951405,246.941651,250.087908,250.087908,247.004823,0,0.200000,0.350000,0.100000
3.155000,235.731425,246.941651,249.850562,249.850562,247.245087,1,0.900000,0.350000,0.100000
3.160000,235.928025,246.941651,249.559227,249.559227,247.482051,1,0.900000,0.350000,0.100000
3.165000,235.978483,246.941651,249.302640,249.302640,247.735323,1,0.900000,0.350000,0.100000
3.170000,235.675427,246.941651,249.130516,249.130516,247.623748,1,0.900000,0.350000,0.100000
3.175000,235.279024,246.941651,249.052949,249.052949,247.567419,1,0.900000,0.350000,0.100000
3.180000,235.118523,246.941651,249.081846,249.081846,247.574399,1,0.900000,0.350000,0.100000
3.185000,235.261831,246.941651,249.210786,249.210786,247.640615,1,0.900000,0.350000,0.100000
3.190000,235.422831,246.941651,249.416726,249.416726,247.756711,1,0.900000,0.350000,0.100000
3.195000,235.174341,246.941651,249.682815,249.682815,247.904452,1,0.900000,0.350000,0.100000
3.200000,234.449237,246.941651,250.015865,250.015865,248.054384,1,0.900000,0.350000,0.100000
3.205000,233.362556,246.941651,250.385011,250.385011,248.177788,1,0.900000,0.350000,0.100000
3.210000,231.860795,246.941651,250.713169,250.713169,248.256579,1,0.900000,0.350000,0.100000
3.215000,230.201828,246.941651,250.922368,250.922368,248.277069,1,0.900000,0.350000,0.100000
3.220000,228.752034,246.941651,250.987334,250.987334,248.238749,1,0.900000,0.350000,0.100000
3.225000,227.574412,246.941651,250.933414,250.933414,248.166702,1,0.900000,0.350000,0.100000
3.230000,226.663013,246.941651,250.842006,250.842006,248.096387,1,0.900000,0.350000,0.100000
3.235000,226.057946,246.941651,250.817576,250.817576,248.059594,1,0.900000,0.350000,0.100000
3.240000,225.376500,246.941651,250.931149,250.931149,248.084303,1,0.900000,0.350000,0.100000
3.245000,224.429513,246.941651,251.191667,251.191667,248.183274,1,0.900000,0.350000,0.100000
3.250000,223.528839,246.941651,251.568241,251.568241,248.344712,1,0.900000,0.350000,0.100000
3.255000,222.856620,246.941651,252.007220,252.007220,248.541507,1,0.900000,0.350000,0.100000
3.260000,222.443502,246.941651,252.429971,252.429971,248.747317,1,0.900000,0.350000,0.100000
3.265000,222.086715,246.941651,252.772643,252.772643,248.948234,1,0.900000,0.350000,0.100000
3.270000,221.716551,246.941651,253.036680,253.036680,249.138180,1,0.900000,0.350000,0.100000
3.275000,221.979415,246.941651,253.247276,253.247276,249.321972,1,0.900000,0.350000,0.100000
3.280000,223.091677,246.941651,253.405696,253.405696,249.509684,1,0.900000,0.350000,0.100000
3.285000,224.845625,246.941651,253.541508,253.541508,249.700218,1,0.900000,0.350000,0.100000
3.290000,226.524950,246.941651,253.687350,253.687350,249.874798,1,0.900000,0.350000,0.100000
3.295000,227.631130,246.941651,253.808506,253.808506,250.002881,1,0.900000,0.350000,0.100000
3.300000,228.360617,246.941651,253.847602,253.847602,250.050132,1,0.900000,0.350000,0.100000
3.305000,228.448634,246.941651,253.771103,253.771103,249.991950,1,0.900000,0.350000,0.100000
3.310000,228.061504,246.941651,253.538572,253.538572,249.818424,1,0.900000,0.350000,0.100000
3.315000,227.706926,246.941651,253.119650,253.119650,249.532138,1,0.900000,0.350000,0.100000
3.320000,227.349542,246.941651,252.538350,252.538350,249.152474,1,0.900000,0.350000,0.100000
3.325000,226.999035,246.941651,251.851745,251.851745,248.201482,1,0.900000,0.350000,0.100000
3.330000,226.532703,246.941651,251.136504,251.136504,240.594801,1,0.900000,0.350000,0.100000
3.335000,226.188092,246.941651,246.614290,246.614290,225.342520,1,0.900000,0.350000,0.100000
3.340000,226.263836,246.941651,196.229883,196.229883,175.594957,1,0.900000,0.350000,0.100000
3.345000,226.636222,246.941651,138.225505,138.225505,125.949668,1,0.900000,0.350000,0.100000
3.350000,227.188159,0.000000,0.000000,0.000000,0.000000,0,0.000000,0.350000,0.100000
3.355000,227.779819,0.000000,0.000000,0.000000,0.000000,0,0.000000,0.350000,0.100000
3.360000,228.285558,0.000000,0.000000,0.000000,0.000000,0,0.000000,0.350000,0.100000
3.365000,228.584497,0.000000,0.000000,0.000000,0.000000,0,0.000000,0.350000,0.100000
3.370000,228.933176,0.000000,0.000000,0.000000,0.000000,0,0.000000,0.350000,0.100000
3.375000,229.435849,246.941651,154.848633,154.848633,138.596955,0,0.200000,0.350000,0.100000
3.380000,230.080953,246.941651,204.851850,204.851850,187.726460,0,0.200000,0.350000,0.100000
3.385000,230.901818,246.941651,250.847064,250.847064,236.863067,0,0.200000,0.350000,0.100000
3.390000,231.925236,246.941651,250.243952,250.243952,242.829163,0,0.200000,0.350000,0.100000
3.395000,233.001571,246.941651,249.821176,249.821176,245.712132,0,0.200000,0.350000,0.100000
3.400000,233.972588,246.941651,249.529325,249.529325,245.761769,0,0.200000,0.350000,0.100000
3.405000,234.836098,246.941651,249.322530,249.322530,245.856457,0,0.200000,0.350000,0.100000
3.410000,235.844845,246.941651,249.182145,249.182145,245.993791,0,0.200000,0.350000,0.100000
3.415000,237.307597,246.941651,249.091455,249.091455,246.167206,0,0.200000,0.350000,0.100000
3.420000,239.035868,246.941651,249.035703,249.035703,246.367939,0,0.200000,0.350000,0.100000
3.425000,240.671375,246.941651,248.997928,248.997928,246.585240,0,0.200000,0.350000,0.100000
3.430000,242.137184,246.941651,248.933898,248.933898,246.812141,0,0.200000,0.350000,0.100000
3.435000,243.698358,246.941651,248.786529,248.786529,247.055705,0,0.200000,0.350000,0.100000
3.440000,245.759682,246.941651,248.552549,248.552549,247.323298,0,0.200000,0.350000,0.100000
3.445000,248.489653,246.941651,248.266726,248.266726,247.603837,0,0.200000,0.350000,0.100000
3.450000,251.449748,246.941651,247.957130,247.957130,247.874085,0,0.200000,0.350000,0.100000
3.455000,253.826174,246.941651,247.648162,247.648162,248.110442,0,0.200000,0.350000,0.100000
3.460000,255.302798,246.941651,247.375838,247.375838,248.301799,0,0.200000,0.350000,0.100000
3.465000,256.225667,246.941651,247.160360,247.160360,248.465622,0,0.200000,0.350000,0.100000
3.470000,257.223926,246.941651,247.009142,247.009142,248.651085,0,0.200000,0.350000,0.100000
3.475000,258.839420,246.941651,246.924421,246.924421,248.910707,0,0.200000,0.350000,0.100000
3.480000,261.325580,246.941651,246.912231,246.912231,249.265721,0,0.200000,0.350000,0.100000
3.485000,264.537341,246.941651,246.977427,246.977427,249.704241,0,0.200000,0.350000,0.100000
3.490000,267.886791,246.941651,247.098767,247.098767,250.202954,0,0.200000,0.350000,0.100000
3.495000,270.995855,246.941651,247.249130,247.249130,250.728487,0,0.200000,0.350000,0.100000
3.500000,274.046965,246.941651,247.424745,247.424745,251.238727,0,0.200000,0.350000,0.100000
3.505000,277.011019,246.941651,247.609413,247.609413,251.725510,0,0.200000,0.350000,0.100000
3.510000,279.524063,246.941651,247.775467,247.775467,252.218307,0,0.200000,0.350000,0.100000
3.515000,282.078296,246.941651,247.913240,247.913240,252.732266,0,0.200000,0.350000,0.100000
3.520000,285.471965,246.941651,248.019034,248.019034,253.264724,0,0.200000,0.350000,0.100000
3.525000,289.419890,246.941651,248.090103,248.090103,253.817364,0,0.200000,0.350000,0.100000
3.530000,293.258628,246.941651,248.138057,248.138057,254.375799,0,0.200000,0.350000,0.100000
3.535000,296.710481,246.941651,248.162653,248.162653,254.908717,0,0.200000,0.350000,0.100000
3.540000,299.739866,246.941651,248.157028,248.157028,255.392188,0,0.200000,0.350000,0.100000
3.545000,302.553415,246.941651,248.138223,248.138223,255.827834,0,0.200000,0.350000,0.100000
3.550000,305.064128,246.941651,248.124392,248.124392,256.234148,0,0.200000,0.350000,0.100000
3.555000,307.451856,246.941651,248.120694,248.120694,256.640191,0,0.200000,0.350000,0.100000
3.560000,309.993065,246.941651,248.123955,248.123955,257.062380,0,0.200000,0.350000,0.100000
3.565000,313.002673,246.941651,248.123836,248.123836,257.501776,0,0.200000,0.350000,0.100000
3.570000,316.334123,246.941651,248.108434,248.108434,256.823855,0,0.200000,0.350000,0.100000
3.575000,319.427784,246.941651,248.082755,248.082755,256.087783,0,0.200000,0.350000,0.100000
3.580000,321.651224,246.941651,248.064246,248.064246,255.281629,1,0.900000,0.350000,0.100000
3.585000,323.056962,246.941651,248.059854,248.059854,254.405187,1,0.900000,0.350000,0.100000
3.590000,324.558260,246.941651,248.061908,248.061908,253.469984,1,0.900000,0.350000,0.100000
3.595000,326.715865,246.941651,248.056698,248.056698,253.601745,1,0.900000,0.350000,0.100000
3.600000,329.250473,246.941651,248.036433,248.036433,253.713581,1,0.900000,0.350000,0.100000
3.605000,331.082480,246.941651,248.004536,248.004536,253.786563,1,0.900000,0.350000,0.100000
3.610000,331.178598,246.941651,247.996217,247.996217,253.817761,1,0.900000,0.350000,0.100000
3.615000,329.561626,246.941651,248.053349,248.053349,253.821531,1,0.900000,0.350000,0.100000
3.620000,327.661665,246.941651,248.185589,248.185589,253.818686,1,0.900000,0.350000,0.100000
3.625000,326.561322,246.941651,248.363503,248.363503,253.829850,1,0.900000,0.350000,0.100000
3.630000,325.976621,246.941651,248.550517,248.550517,253.864087,1,0.900000,0.350000,0.100000
3.635000,325.368755,246.941651,248.725487,248.725487,253.903570,1,0.900000,0.350000,0.100000
3.640000,324.483820,246.941651,248.874323,248.874323,253.920842,1,0.900000,0.350000,0.100000
3.645000,323.232801,246.941651,248.973812,248.973812,253.903641,1,0.900000,0.350000,0.100000
3.650000,321.881377,246.941651,249.013037,249.013037,253.852760,1,0.900000,0.350000,0.100000
3.655000,320.772561,246.941651,248.999739,248.999739,253.773465,1,0.900000,0.350000,0.100000
3.660000,320.053677,246.941651,248.934445,248.934445,253.670756,1,0.900000,0.350000,0.100000
3.665000,319.657140,246.941651,248.815902,248.815902,253.543206,1,0.900000,0.350000,0.100000
3.670000,319.232569,246.941651,248.647965,248.647965,253.383648,1,0.900000,0.350000,0.100000
3.675000,318.478343,246.941651,248.434532,248.434532,253.181241,1,0.900000,0.350000,0.100000
3.680000,317.453932,246.941651,248.171785,248.171785,252.917019,1,0.900000,0.350000,0.100000
3.685000,316.116358,246.941651,247.853878,247.853878,252.569889,1,0.900000,0.350000,0.100000
3.690000,313.835379,246.941651,247.481098,247.481098,252.139736,1,0.900000,0.350000,0.100000
3.695000,309.857571,246.941651,247.086156,247.086156,251.647901,1,0.900000,0.350000,0.100000
3.700000,305.024671,246.941651,246.703238,246.703238,251.128157,1,0.900000,0.350000,0.100000
3.705000,300.639621,246.941651,246.351280,246.351280,250.628438,1,0.900000,0.350000,0.100000
3.710000,297.233995,246.941651,246.053839,246.053839,250.201004,1,0.900000,0.350000,0.100000
3.715000,294.936683,246.941651,245.833060,245.833060,249.877243,1,0.900000,0.350000,0.100000
3.720000,293.573849,246.941651,245.689700,245.689700,249.657005,1,0.900000,0.350000,0.100000
3.725000,292.882636,246.941651,245.624150,245.624150,249.514492,1,0.900000,0.350000,0.100000
3.730000,292.105697,246.941651,245.647703,245.647703,249.412235,1,0.900000,0.350000,0.100000
3.735000,290.346898,246.941651,245.750225,245.750225,249.320844,1,0.900000,0.350000,0.100000
3.740000,287.393321,246.941651,245.904283,245.904283,249.223636,1,0.900000,0.350000,0.100000
3.745000,283.935095,246.941651,246.075241,246.075241,249.114232,1,0.900000,0.350000,0.100000
3.750000,280.873019,246.941651,246.229491,246.229491,248.996675,1,0.900000,0.350000,0.100000
3.755000,278.456680,246.941651,246.343737,246.343737,248.876824,1,0.900000,0.350000,0.100000
3.760000,276.500988,246.941651,246.406978,246.406978,248.752239,1,0.900000,0.350000,0.100000
3.765000,274.636085,246.941651,246.422870,246.422870,248.616208,1,0.900000,0.350000,0.100000
3.770000,272.504746,246.941651,246.410892,246.410892,248.468295,1,0.900000,0.350000,0.100000
3.775000,270.150673,246.941651,246.400631,246.400631,248.314907,1,0.900000,0.350000,0.100000
3.780000,267.898363,246.941651,246.407538,246.407538,248.164515,1,0.900000,0.350000,0.100000
3.785000,265.981344,246.941651,246.425417,246.425417,248.023472,1,0.900000,0.350000,0.100000
3.790000,264.326507,246.941651,246.440434,246.440434,247.890254,1,0.900000,0.350000,0.100000
3.795000,262.733760,246.941651,246.438737,246.438737,247.754736,1,0.900000,0.350000,0.100000
3.800000,261.012295,246.941651,246.416874,246.416874,247.604519,1,0.900000,0.350000,0.100000
3.805000,259.007338,246.941651,246.379042,246.379042,247.430934,1,0.900000,0.350000,0.100000
3.810000,256.617369,246.941651,246.339231,246.339231,247.242470,1,0.900000,0.350000,0.100000
3.815000,253.682028,246.941651,246.321272,246.321272,247.062666,1,0.900000,0.350000,0.100000
3.820000,250.778628,246.941651,246.353602,246.353602,246.912743,1,0.900000,0.350000,0.100000
3.825000,248.753111,246.941651,246.430473,246.430473,246.812378,1,0.900000,0.350000,0.100000
3.830000,247.495852,246.941651,246.533673,246.533673,246.775698,1,0.900000,0.350000,0.100000
3.835000,247.030987,246.941651,246.651648,246.651648,246.792987,1,0.900000,0.350000,0.100000
3.840000,247.052163,246.941651,246.782827,246.782827,246.837542,1,0.900000,0.350000,0.100000
3.845000,246.751370,246.941651,246.930736,246.930736,246.884903,1,0.900000,0.350000,0.100000
3.850000,245.789149,246.941651,247.093969,247.093969,246.912009,1,0.900000,0.350000,0.100000
3.855000,244.075298,246.941651,247.268942,247.268942,246.909999,1,0.900000,0.350000,0.100000
3.860000,241.653248,246.941651,247.452469,247.452469,246.890278,1,0.900000,0.350000,0.100000
3.865000,239.292377,246.941651,247.629951,247.629951,246.870544,1,0.900000,0.350000,0.100000
3.870000,237.655065,246.941651,247.793532,247.793532,246.867420,1,0.900000,0.350000,0.100000
3.875000,236.657716,246.941651,247.960562,247.960562,246.888623,1,0.900000,0.350000,0.100000
3.880000,236.062957,246.941651,248.135774,248.135774,246.934448,1,0.900000,0.350000,0.100000
3.885000,235.354330,246.941651,248.311370,248.311370,247.002277,1,0.900000,0.350000,0.100000
3.890000,234.660865,246.941651,248.488255,248.488255,247.084035,1,0.900000,0.350000,0.100000
3.895000,234.425854,246.941651,248.661051,248.661051,247.175378,1,0.900000,0.350000,0.100000
3.900000,234.360914,246.941651,248.828943,248.828943,247.280506,1,0.900000,0.350000,0.100000
3.905000,234.294417,246.941651,249.017354,249.017354,247.392516,1,0.900000,0.350000,0.100000
3.910000,234.144778,246.941651,249.234223,249.234223,247.479681,1,0.900000,0.350000,0.100000
3.915000,233.825850,246.941651,249.421110,249.421110,247.493325,1,0.900000,0.350000,0.100000
3.920000,233.150016,246.941651,249.456545,249.456545,247.368128,1,0.900000,0.350000,0.100000
3.925000,232.267294,246.941651,249.163901,249.163901,247.042761,1,0.900000,0.350000,0.100000
3.930000,231.601656,246.941651,248.377570,248.377570,246.508628,1,0.900000,0.350000,0.100000
3.935000,231.391629,246.941651,247.099874,247.099874,245.847665,1,0.900000,0.350000,0.100000
3.940000,231.821237,246.941651,245.637851,245.637851,245.228662,1,0.900000,0.350000,0.100000
3.945000,232.524090,246.941651,244.568873,244.568873,244.337821,1,0.900000,0.350000,0.100000
3.950000,232.617125,246.941651,244.482505,244.482505,237.087751,1,0.900000,0.350000,0.100000
3.955000,231.385122,246.941651,241.720320,241.720320,222.474492,1,0.900000,0.350000,0.100000
3.960000,228.515672,246.941651,193.043906,193.043906,173.616125,1,0.900000,0.350000,0.100000
3.965000,225.096371,246.941651,136.785610,136.785610,124.767897,1,0.900000,0.350000,0.100000
3.970000,222.610902,0.000000,0.000000,0.000000,0.000000,0,0.000000,0.350000,0.100000
3.975000,221.692968,0.000000,0.000000,0.000000,0.000000,0,0.000000,0.350000,0.100000
3.980000,222.154966,0.000000,0.000000,0.000000,0.000000,0,0.000000,0.350000,0.100000
3.985000,223.348741,0.000000,0.000000,0.000000,0.000000,0,0.000000,0.350000,0.100000
3.990000,224.696677,0.000000,0.000000,0.000000,0.000000,0,0.000000,0.350000,0.100000
3.995000,225.693744,0.000000,0.000000,0.000000,0.000000,0,0.000000,0.350000,0.100000
4.000000,226.193382,0.000000,0.000000,0.000000,0.000000,0,0.000000,0.350000,0.100000
4.005000,226.360678,0.000000,0.000000,0.000000,0.000000,0,0.000000,0.350000,0.100000
4.010000,226.494226,0.000000,0.000000,0.000000,0.000000,0,0.000000,0.350000,0.100000
4.015000,226.686234,0.000000,0.000000,0.000000,0.000000,0,0.000000,0.350000,0.100000
4.020000,226.829367,0.000000,0.000000,0.000000,0.000000,0,0.000000,0.350000,0.100000
4.025000,226.952839,0.000000,0.000000,0.000000,0.000000,0,0.000000,0.350000,0.100000
4.030000,227.308084,0.000000,0.000000,0.000000,0.000000,0,0.000000,0.350000,0.100000
4.035000,228.063988,0.000000,0.000000,0.000000,0.000000,0,0.000000,0.350000,0.100000
4.040000,229.171575,0.000000,0.000000,0.000000,0.000000,0,0.000000,0.350000,0.100000
4.045000,230.296831,0.000000,0.000000,0.000000,0.000000,0,0.000000,0.350000,0.100000
4.050000,231.204784,0.000000,0.000000,0.000000,0.000000,0,0.000000,0.350000,0.100000
4.055000,231.856927,0.000000,0.000000,0.000000,0.000000,0,0.000000,0.350000,0.100000
4.060000,232.289081,0.000000,0.000000,0.000000,0.000000,0,0.000000,0.350000,0.100000
4.065000,232.760953,0.000000,0.000000,0.000000,0.000000,0,0.000000,0.350000,0.100000
4.070000,233.351323,0.000000,0.000000,0.000000,0.000000,0,0.000000,0.350000,0.100000
4.075000,234.215259,0.000000,0.000000,0.000000,0.000000,0,0.000000,0.350000,0.100000
4.080000,235.555334,0.000000,0.000000,0.000000,0.000000,0,0.000000,0.350000,0.100000
4.085000,237.227876,0.000000,0.000000,0.000000,0.000000,0,0.000000,0.350000,0.100000
4.090000,239.025346,0.000000,0.000000,0.000000,0.000000,0,0.000000,0.350000,0.100000
4.095000,240.696412,0.000000,0.000000,0.000000,0.000000,0,0.000000,0.350000,0.100000
4.100000,242.144394,0.000000,0.000000,0.000000,0.000000,0,0.000000,0.350000,0.100000
4.105000,243.666909,0.000000,0.000000,0.000000,0.000000,0,0.000000,0.350000,0.100000
4.110000,245.669667,0.000000,0.000000,0.000000,0.000000,0,0.000000,0.350000,0.100000
4.115000,248.254268,0.000000,0.000000,0.000000,0.000000,0,0.000000,0.350000,0.100000
4.120000,251.097530,0.000000,0.000000,0.000000,0.000000,0,0.000000,0.350000,0.100000
4.125000,253.607542,0.000000,0.000000,0.000000,0.000000,0,0.000000,0.350000,0.100000
4.130000,255.382791,0.000000,0.000000,0.000000,0.000000,0,0.000000,0.350000,0.100000
4.135000,256.777022,369.994423,197.142022,197.142022,191.313776,0,0.200000,0.350000,0.100000
4.140000,258.269701,369.994423,261.192551,261.192551,259.058289,0,0.200000,0.350000,0.100000
4.145000,260.276360,369.994423,320.382034,320.382034,327.037466,0,0.200000,0.350000,0.100000
4.150000,262.850643,369.994423,321.932768,321.932768,335.390974,0,0.200000,0.350000,0.100000
4.155000,265.610615,369.994423,324.366076,324.366076,340.002432,0,0.200000,0.350000,0.100000
4.160000,267.975421,369.994423,327.287331,327.287331,341.136525,0,0.200000,0.350000,0.100000
4.165000,269.648324,369.994423,330.439424,330.439424,342.229254,0,0.200000,0.350000,0.100000
4.170000,270.720609,369.994423,333.588935,333.588935,343.166162,0,0.200000,0.350000,0.100000
4.175000,271.361489,369.994423,335.434189,335.434189,343.903646,0,0.200000,0.350000,0.100000
4.180000,271.850830,369.994423,336.470716,336.470716,344.434978,0,0.200000,0.350000,0.100000
4.185000,272.392297,369.994423,337.063011,337.063011,343.984900,0,0.200000,0.350000,0.100000
4.190000,272.919370,369.994423,337.438050,337.438050,343.410170,0,0.200000,0.350000,0.100000
4.195000,273.353375,369.994423,337.644853,337.644853,342.739274,1,0.900000,0.350000,0.100000
4.200000,273.657229,369.994423,337.675760,337.675760,341.975273,1,0.900000,0.350000,0.100000
4.205000,273.601653,369.994423,337.552010,337.552010,341.121370,1,0.900000,0.350000,0.100000
4.210000,273.046925,369.994423,337.313676,337.313676,340.973867,1,0.900000,0.350000,0.100000
4.215000,272.179413,369.994423,337.030533,337.030533,340.774948,1,0.900000,0.350000,0.100000
4.220000,271.170409,369.994423,336.781130,336.781130,340.556543,1,0.900000,0.350000,0.100000
4.225000,270.038246,369.994423,336.585980,336.585980,340.349387,1,0.900000,0.350000,0.100000
4.230000,268.577774,369.994423,336.472176,336.472176,340.173964,1,0.900000,0.350000,0.100000
4.235000,266.862318,369.994423,336.447185,336.447185,340.037836,1,0.900000,0.350000,0.100000
4.240000,265.203677,369.994423,336.489944,336.489944,339.953348,1,0.900000,0.350000,0.100000
4.245000,263.729043,369.994423,336.586991,336.586991,339.936258,1,0.900000,0.350000,0.100000
4.250000,262.403977,369.994423,336.800574,336.800574,340.004177,1,0.900000,0.350000,0.100000
4.255000,260.990561,369.994423,337.187023,337.187023,340.179573,1,0.900000,0.350000,0.100000
4.260000,259.085747,369.994423,337.820638,337.820638,340.494995,1,0.900000,0.350000,0.100000
4.265000,256.464057,369.994423,338.776488,338.776488,340.970229,1,0.900000,0.350000,0.100000
4.270000,252.989616,369.994423,340.145924,340.145924,341.629069,1,0.900000,0.350000,0.100000
4.275000,248.150868,369.994423,341.948503,341.948503,342.494960,1,0.900000,0.350000,0.100000
4.280000,243.076144,369.994423,344.118814,344.118814,343.568565,1,0.900000,0.350000,0.100000
4.285000,238.957662,369.994423,346.551275,346.551275,344.832883,1,0.900000,0.350000,0.100000
4.290000,235.532572,369.994423,349.154251,349.154251,346.270649,1,0.900000,0.350000,0.100000
4.295000,233.110583,369.994423,351.837084,351.837084,347.842056,1,0.900000,0.350000,0.100000
4.300000,231.776325,369.994423,354.551145,354.551145,349.487880,1,0.900000,0.350000,0.100000
4.305000,230.624953,369.994423,357.287833,357.287833,351.167795,1,0.900000,0.350000,0.100000
4.310000,228.519352,369.994423,360.054767,360.054767,352.848863,1,0.900000,0.350000,0.100000
4.315000,225.757517,369.994423,362.839730,362.839730,354.475520,1,0.900000,0.350000,0.100000
4.320000,223.145746,369.994423,365.552296,365.552296,355.997571,1,0.900000,0.350000,0.100000
4.325000,220.089383,369.994423,368.049626,368.049626,357.381542,1,0.900000,0.350000,0.100000
4.330000,216.736076,369.994423,370.246424,370.246424,358.590433,1,0.900000,0.350000,0.100000
4.335000,213.807566,369.994423,372.069195,372.069195,359.595078,1,0.900000,0.350000,0.100000
4.340000,211.503070,369.994423,373.490234,373.490234,360.400702,1,0.900000,0.350000,0.100000
4.345000,209.657281,369.994423,374.585855,374.585855,361.020566,1,0.900000,0.350000,0.100000
4.350000,207.974773,369.994423,375.437871,375.437871,361.472985,1,0.900000,0.350000,0.100000
4.355000,206.112377,369.994423,376.075814,376.075814,361.782898,1,0.900000,0.350000,0.100000
4.360000,204.367105,369.994423,376.511279,376.511279,361.963987,1,0.900000,0.350000,0.100000
4.365000,203.083437,369.994423,376.750099,376.750099,362.014184,1,0.900000,0.350000,0.100000
4.370000,202.288076,369.994423,376.762824,376.762824,361.927138,1,0.900000,0.350000,0.100000
4.375000,201.733038,369.994423,376.507869,376.507869,361.693543,1,0.900000,0.350000,0.100000
4.380000,201.263427,369.994423,375.961741,375.961741,361.300723,1,0.900000,0.350000,0.100000
4.385000,200.796744,369.994423,375.156026,375.156026,360.745150,1,0.900000,0.350000,0.100000
4.390000,200.225096,369.994423,374.121541,374.121541,360.044958,1,0.900000,0.350000,0.100000
4.395000,199.760274,369.994423,372.876891,372.876891,359.237406,1,0.900000,0.350000,0.100000
4.400000,199.630114,369.994423,371.490093,371.490093,358.365019,1,0.900000,0.350000,0.100000
4.405000,199.849807,369.994423,370.062165,370.062165,357.469797,1,0.900000,0.350000,0.100000
4.410000,200.352926,369.994423,368.662443,368.662443,356.589948,1,0.900000,0.350000,0.100000
4.415000,200.953215,369.994423,367.326471,367.326471,355.752004,1,0.900000,0.350000,0.100000
4.420000,201.577924,369.994423,366.076059,366.076059,354.965087,1,0.900000,0.350000,0.100000
4.425000,202.238943,369.994423,364.915645,364.915645,354.227681,1,0.900000,0.350000,0.100000
4.430000,202.954243,369.994423,363.815353,363.815353,353.541936,1,0.900000,0.350000,0.100000
4.435000,203.616638,369.994423,362.769263,362.769263,352.912276,1,0.900000,0.350000,0.100000
4.440000,204.322751,369.994423,361.808989,361.808989,352.346063,1,0.900000,0.350000,0.100000
4.445000,204.864488,369.994423,360.988437,360.988437,351.865300,1,0.900000,0.350000,0.100000
4.450000,205.009049,369.994423,360.361257,360.361257,351.501385,1,0.900000,0.350000,0.100000
4.455000,204.962904,369.994423,359.986444,359.986444,351.280565,1,0.900000,0.350000,0.100000
4.460000,204.970726,369.994423,359.889449,359.889449,351.220407,1,0.900000,0.350000,0.100000
4.465000,205.418523,369.994423,360.031085,360.031085,351.327731,1,0.900000,0.350000,0.100000
4.470000,206.553238,369.994423,360.349611,360.349611,351.587941,1,0.900000,0.350000,0.100000
4.475000,208.068742,369.994423,360.826227,360.826227,351.974221,1,0.900000,0.350000,0.100000
4.480000,209.257595,369.994423,361.460827,361.460827,352.469770,1,0.900000,0.350000,0.100000
4.485000,209.776712,369.994423,362.252553,362.252553,353.069816,1,0.900000,0.350000,0.100000
4.490000,210.177404,369.994423,363.218938,363.218938,353.763359,1,0.900000,0.350000,0.100000
4.495000,210.612379,369.994423,364.398941,364.398941,354.541734,1,0.900000,0.350000,0.100000
4.500000,210.236919,369.994423,365.786888,365.786888,355.404994,1,0.900000,0.350000,0.100000
4.505000,208.862022,369.994423,367.342594,367.342594,356.343878,1,0.900000,0.350000,0.100000
4.510000,207.424092,369.994423,368.988404,368.988404,357.321485,1,0.900000,0.350000,0.100000
4.515000,206.943208,369.994423,370.619924,370.619924,358.295003,1,0.900000,0.350000,0.100000
4.520000,206.971349,369.994423,372.135554,372.135554,359.220197,1,0.900000,0.350000,0.100000
4.525000,206.984745,369.994423,373.449620,373.449620,360.038260,1,0.900000,0.350000,0.100000
4.530000,206.939412,369.994423,374.495178,374.495178,360.688387,1,0.900000,0.350000,0.100000
4.535000,206.260983,369.994423,375.253110,375.253110,361.148716,1,0.900000,0.350000,0.100000
4.540000,204.837262,369.994423,375.729871,375.729871,361.436481,1,0.900000,0.350000,0.100000
4.545000,203.527589,369.994423,375.970661,375.970661,361.588397,1,0.900000,0.350000,0.100000
4.550000,203.086920,369.994423,376.040948,376.040948,361.652286,1,0.900000,0.350000,0.100000
4.555000,203.782180,369.994423,375.985354,375.985354,361.660445,1,0.900000,0.350000,0.100000
4.560000,205.393544,369.994423,375.828659,375.828659,361.617866,1,0.900000,0.350000,0.100000
4.565000,206.583104,369.994423,375.597081,375.597081,361.524103,1,0.900000,0.350000,0.100000
4.570000,206.899559,369.994423,375.276654,375.276654,361.353090,1,0.900000,0.350000,0.100000
4.575000,207.508232,369.994423,374.846465,374.846465,361.042593,1,0.900000,0.350000,0.100000
4.580000,207.516699,369.994423,374.287815,374.287815,360.551358,1,0.900000,0.350000,0.100000
4.585000,204.687224,369.994423,373.578413,373.578413,359.873982,1,0.900000,0.350000,0.100000
4.590000,199.153960,369.994423,372.738276,372.738276,358.987065,1,0.900000,0.350000,0.100000
4.595000,192.411962,369.994423,371.806067,371.806067,357.895412,1,0.900000,0.350000,0.100000
4.600000,183.915018,369.994423,370.816054,370.816054,356.700064,1,0.900000,0.350000,0.100000
4.605000,174.163971,369.994423,369.806279,369.806279,355.540525,1,0.900000,0.350000,0.100000
4.610000,166.763544,369.994423,368.827043,368.827043,354.504768,1,0.900000,0.350000,0.100000
4.615000,164.484531,369.994423,367.893892,367.893892,353.644560,1,0.900000,0.350000,0.100000
4.620000,165.546678,369.994423,367.022924,367.022924,282.571953,1,0.900000,0.350000,0.100000
4.625000,166.841909,369.994423,366.261500,366.261500,211.739547,1,0.900000,0.350000,0.100000
4.630000,0.000000,0.000000,0.000000,0.000000,0.000000,0,0.000000,0.350000,0.100000
4.635000,0.000000,0.000000,0.000000,0.000000,0.000000,0,0.000000,0.350000,0.100000
4.640000,0.000000,0.000000,0.000000,0.000000,0.000000,0,0.000000,0.350000,0.100000
4.645000,0.000000,0.000000,0.000000,0.000000,0.000000,0,0.000000,0.350000,0.100000
4.650000,0.000000,0.000000,0.000000,0.000000,0.000000,0,0.000000,0.350000,0.100000
4.655000,0.000000,0.000000,0.000000,0.000000,0.000000,0,0.000000,0.350000,0.100000
4.660000,0.000000,0.000000,0.000000,0.000000,0.000000,0,0.000000,0.350000,0.100000
4.665000,0.000000,0.000000,0.000000,0.000000,0.000000,0,0.000000,0.350000,0.100000
4.670000,0.000000,0.000000,0.000000,0.000000,0.000000,0,0.000000,0.350000,0.100000
4.675000,0.000000,0.000000,0.000000,0.000000,0.000000,0,0.000000,0.350000,0.100000
4.680000,0.000000,0.000000,0.000000,0.000000,0.000000,0,0.000000,0.350000,0.100000
4.685000,0.000000,0.000000,0.000000,0.000000,0.000000,0,0.000000,0.350000,0.100000
4.690000,0.000000,0.000000,0.000000,0.000000,0.000000,0,0.000000,0.350000,0.100000
4.695000,0.000000,0.000000,0.000000,0.000000,0.000000,0,0.000000,0.350000,0.100000
4.700000,0.000000,0.000000,0.000000,0.000000,0.000000,0,0.000000,0.350000,0.100000
4.705000,0.000000,0.000000,0.000000,0.000000,0.000000,0,0.000000,0.350000,0.100000
4.710000,0.000000,0.000000,0.000000,0.000000,0.000000,0,0.000000,0.350000,0.100000
4.715000,0.000000,0.000000,0.000000,0.000000,0.000000,0,0.000000,0.350000,0.100000
4.720000,0.000000,0.000000,0.000000,0.000000,0.000000,0,0.000000,0.350000,0.100000
4.725000,0.000000,0.000000,0.000000,0.000000,0.000000,0,0.000000,0.350000,0.100000
4.730000,0.000000,0.000000,0.000000,0.000000,0.000000,0,0.000000,0.350000,0.100000
4.735000,0.000000,0.000000,0.000000,0.000000,0.000000,0,0.000000,0.350000,0.100000
4.740000,0.000000,0.000000,0.000000,0.000000,0.000000,0,0.000000,0.350000,0.100000
4.745000,0.000000,0.000000,0.000000,0.000000,0.000000,0,0.000000,0.350000,0.100000
4.750000,0.000000,0.000000,0.000000,0.000000,0.000000,0,0.000000,0.350000,0.100000
4.755000,0.000000,0.000000,0.000000,0.000000,0.000000,0,0.000000,0.350000,0.100000
4.760000,0.000000,0.000000,0.000000,0.000000,0.000000,0,0.000000,0.350000,0.100000
4.765000,0.000000,0.000000,0.000000,0.000000,0.000000,0,0.000000,0.350000,0.100000
4.770000,0.000000,0.000000,0.000000,0.000000,0.000000,0,0.000000,0.350000,0.100000
4.775000,0.000000,0.000000,0.000000,0.000000,0.000000,0,0.000000,0.350000,0.100000
4.780000,0.000000,0.000000,0.000000,0.000000,0.000000,0,0.000000,0.350000,0.100000
4.785000,0.000000,0.000000,0.000000,0.000000,0.000000,0,0.000000,0.350000,0.100000
4.790000,0.000000,0.000000,0.000000,0.000000,0.000000,0,0.000000,0.350000,0.100000
4.795000,0.000000,0.000000,0.000000,0.000000,0.000000,0,0.000000,0.350000,0.100000
4.800000,0.000000,0.000000,0.000000,0.000000,0.000000,0,0.000000,0.350000,0.100000
4.805000,0.000000,0.000000,0.000000,0.000000,0.000000,0,0.000000,0.350000,0.100000
4.810000,0.000000,0.000000,0.000000,0.000000,0.000000,0,0.000000,0.350000,0.100000
4.815000,0.000000,0.000000,0.000000,0.000000,0.000000,0,0.000000,0.350000,0.100000
4.820000,0.000000,0.000000,0.000000,0.000000,0.000000,0,0.000000,0.350000,0.100000
4.825000,0.000000,0.000000,0.000000,0.000000,0.000000,0,0.000000,0.350000,0.100000
4.830000,0.000000,0.000000,0.000000,0.000000,0.000000,0,0.000000,0.350000,0.100000
4.835000,0.000000,0.000000,0.000000,0.000000,0.000000,0,0.000000,0.350000,0.100000
4.840000,0.000000,0.000000,0.000000,0.000000,0.000000,0,0.000000,0.350000,0.100000
4.845000,0.000000,0.000000,0.000000,0.000000,0.000000,0,0.000000,0.350000,0.100000
4.850000,0.000000,0.000000,0.000000,0.000000,0.000000,0,0.000000,0.350000,0.100000
4.855000,0.000000,0.000000,0.000000,0.000000,0.000000,0,0.000000,0.350000,0.100000
4.860000,0.000000,0.000000,0.000000,0.000000,0.000000,0,0.000000,0.350000,0.100000
4.865000,0.000000,0.000000,0.000000,0.000000,0.000000,0,0.000000,0.350000,0.100000
4.870000,0.000000,0.000000,0.000000,0.000000,0.000000,0,0.000000,0.350000,0.100000
4.875000,0.000000,0.000000,0.000000,0.000000,0.000000,0,0.000000,0.350000,0.100000
4.880000,0.000000,0.000000,0.000000,0.000000,0.000000,0,0.000000,0.350000,0.100000
4.885000,0.000000,0.000000,0.000000,0.000000,0.000000,0,0.000000,0.350000,0.100000
4.890000,0.000000,0.000000,0.000000,0.000000,0.000000,0,0.000000,0.350000,0.100000
4.895000,0.000000,0.000000,0.000000,0.000000,0.000000,0,0.000000,0.350000,0.100000
4.900000,0.000000,0.000000,0.000000,0.000000,0.000000,0,0.000000,0.350000,0.100000
4.905000,0.000000,0.000000,0.000000,0.000000,0.000000,0,0.000000,0.350000,0.100000
4.910000,0.000000,0.000000,0.000000,0.000000,0.000000,0,0.000000,0.350000,0.100000
4.915000,0.000000,0.000000,0.000000,0.000000,0.000000,0,0.000000,0.350000,0.100000
4.920000,0.000000,0.000000,0.000000,0.000000,0.000000,0,0.000000,0.350000,0.100000
4.925000,0.000000,0.000000,0.000000,0.000000,0.000000,0,0.000000,0.350000,0.100000
4.930000,0.000000,0.000000,0.000000,0.000000,0.000000,0,0.000000,0.350000,0.100000
4.935000,0.000000,0.000000,0.000000,0.000000,0.000000,0,0.000000,0.350000,0.100000
4.940000,0.000000,0.000000,0.000000,0.000000,0.000000,0,0.000000,0.350000,0.100000
4.945000,0.000000,0.000000,0.000000,0.000000,0.000000,0,0.000000,0.350000,0.100000
4.950000,0.000000,0.000000,0.000000,0.000000,0.000000,0,0.000000,0.350000,0.100000
4.955000,0.000000,0.000000,0.000000,0.000000,0.000000,0,0.000000,0.350000,0.100000
4.960000,0.000000,0.000000,0.000000,0.000000,0.000000,0,0.000000,0.350000,0.100000
4.965000,0.000000,0.000000,0.000000,0.000000,0.000000,0,0.000000,0.350000,0.100000
4.970000,0.000000,0.000000,0.000000,0.000000,0.000000,0,0.000000,0.350000,0.100000
4.975000,0.000000,0.000000,0.000000,0.000000,0.000000,0,0.000000,0.350000,0.100000
4.980000,0.000000,0.000000,0.000000,0.000000,0.000000,0,0.000000,0.350000,0.100000
4.985000,0.000000,0.000000,0.000000,0.000000,0.000000,0,0.000000,0.350000,0.100000
4.990000,0.000000,0.000000,0.000000,0.000000,0.000000,0,0.000000,0.350000,0.100000
4.995000,0.000000,0.000000,0.000000,0.000000,0.000000,0,0.000000,0.350000,0.100000
5.000000,0.000000,0.000000,0.000000,0.000000,0.000000,0,0.000000,0.350000,0.100000
5.005000,0.000000,0.000000,0.000000,0.000000,0.000000,0,0.000000,0.350000,0.100000
5.010000,0.000000,0.000000,0.000000,0.000000,0.000000,0,0.000000,0.350000,0.100000
5.015000,0.000000,0.000000,0.000000,0.000000,0.000000,0,0.000000,0.350000,0.100000
5.020000,0.000000,0.000000,0.000000,0.000000,0.000000,0,0.000000,0.350000,0.100000
5.025000,0.000000,0.000000,0.000000,0.000000,0.000000,0,0.000000,0.350000,0.100000
5.030000,0.000000,0.000000,0.000000,0.000000,0.000000,0,0.000000,0.350000,0.100000
5.035000,0.000000,0.000000,0.000000,0.000000,0.000000,0,0.000000,0.350000,0.100000
5.040000,0.000000,0.000000,0.000000,0.000000,0.000000,0,0.000000,0.350000,0.100000
5.045000,0.000000,0.000000,0.000000,0.000000,0.000000,0,0.000000,0.350000,0.100000
5.050000,0.000000,0.000000,0.000000,0.000000,0.000000,0,0.000000,0.350000,0.100000
5.055000,0.000000,0.000000,0.000000,0.000000,0.000000,0,0.000000,0.350000,0.100000
5.060000,0.000000,0.000000,0.000000,0.000000,0.000000,0,0.000000,0.350000,0.100000
5.065000,0.000000,0.000000,0.000000,0.000000,0.000000,0,0.000000,0.350000,0.100000
5.070000,0.000000,0.000000,0.000000,0.000000,0.000000,0,0.000000,0.350000,0.100000
5.075000,0.000000,0.000000,0.000000,0.000000,0.000000,0,0.000000,0.350000,0.100000
5.080000,0.000000,0.000000,0.000000,0.000000,0.000000,0,0.000000,0.350000,0.100000
5.085000,0.000000,0.000000,0.000000,0.000000,0.000000,0,0.000000,0.350000,0.100000
5.090000,0.000000,0.000000,0.000000,0.000000,0.000000,0,0.000000,0.350000,0.100000
5.095000,0.000000,0.000000,0.000000,0.000000,0.000000,0,0.000000,0.350000,0.100000
5.100000,0.000000,0.000000,0.000000,0.000000,0.000000,0,0.000000,0.350000,0.100000
5.105000,0.000000,0.000000,0.000000,0.000000,0.000000,0,0.000000,0.350000,0.100000
5.110000,0.000000,0.000000,0.000000,0.000000,0.000000,0,0.000000,0.350000,0.100000
5.115000,0.000000,0.000000,0.000000,0.000000,0.000000,0,0.000000,0.350000,0.100000
5.120000,0.000000,0.000000,0.000000,0.000000,0.000000,0,0.000000,0.350000,0.100000
5.125000,0.000000,0.000000,0.000000,0.000000,0.000000,0,0.000000,0.350000,0.100000
5.130000,0.000000,0.000000,0.000000,0.000000,0.000000,0,0.000000,0.350000,0.100000
5.135000,0.000000,0.000000,0.000000,0.000000,0.000000,0,0.000000,0.350000,0.100000
5.140000,0.000000,0.000000,0.000000,0.000000,0.000000,0,0.000000,0.350000,0.100000
5.145000,0.000000,0.000000,0.000000,0.000000,0.000000,0,0.000000,0.350000,0.100000
5.150000,0.000000,0.000000,0.000000,0.000000,0.000000,0,0.000000,0.350000,0.100000
5.155000,0.000000,0.000000,0.000000,0.000000,0.000000,0,0.000000,0.350000,0.100000
5.160000,0.000000,0.000000,0.000000,0.000000,0.000000,0,0.000000,0.350000,0.100000
5.165000,0.000000,0.000000,0.000000,0.000000,0.000000,0,0.000000,0.350000,0.100000
5.170000,0.000000,0.000000,0.000000,0.000000,0.000000,0,0.000000,0.350000,0.100000
5.175000,0.000000,0.000000,0.000000,0.000000,0.000000,0,0.000000,0.350000,0.100000
5.180000,0.000000,0.000000,0.000000,0.000000,0.000000,0,0.000000,0.350000,0.100000
5.185000,0.000000,0.000000,0.000000,0.000000,0.000000,0,0.000000,0.350000,0.100000
5.190000,0.000000,0.000000,0.000000,0.000000,0.000000,0,0.000000,0.350000,0.100000
5.195000,0.000000,0.000000,0.000000,0.000000,0.000000,0,0.000000,0.350000,0.100000
5.200000,0.000000,0.000000,0.000000,0.000000,0.000000,0,0.000000,0.350000,0.100000
5.205000,0.000000,0.000000,0.000000,0.000000,0.000000,0,0.000000,0.350000,0.100000
5.210000,0.000000,0.000000,0.000000,0.000000,0.000000,0,0.000000,0.350000,0.100000
5.215000,0.000000,0.000000,0.000000,0.000000,0.000000,0,0.000000,0.350000,0.100000
5.220000,0.000000,0.000000,0.000000,0.000000,0.000000,0,0.000000,0.350000,0.100000
5.225000,0.000000,0.000000,0.000000,0.000000,0.000000,0,0.000000,0.350000,0.100000
5.230000,0.000000,0.000000,0.000000,0.000000,0.000000,0,0.000000,0.350000,0.100000
5.235000,0.000000,0.000000,0.000000,0.000000,0.000000,0,0.000000,0.350000,0.100000
5.240000,0.000000,0.000000,0.000000,0.000000,0.000000,0,0.000000,0.350000,0.100000
5.245000,0.000000,0.000000,0.000000,0.000000,0.000000,0,0.000000,0.350000,0.100000
5.250000,0.000000,0.000000,0.000000,0.000000,0.000000,0,0.000000,0.350000,0.100000
5.255000,0.000000,0.000000,0.000000,0.000000,0.000000,0,0.000000,0.350000,0.100000
5.260000,0.000000,0.000000,0.000000,0.000000,0.000000,0,0.000000,0.350000,0.100000
5.265000,0.000000,0.000000,0.000000,0.000000,0.000000,0,0.000000,0.350000,0.100000
5.270000,0.000000,0.000000,0.000000,0.000000,0.000000,0,0.000000,0.350000,0.100000
5.275000,0.000000,0.000000,0.000000,0.000000,0.000000,0,0.000000,0.350000,0.100000
5.280000,0.000000,0.000000,0.000000,0.000000,0.000000,0,0.000000,0.350000,0.100000
5.285000,0.000000,0.000000,0.000000,0.000000,0.000000,0,0.000000,0.350000,0.100000
5.290000,0.000000,0.000000,0.000000,0.000000,0.000000,0,0.000000,0.350000,0.100000
5.295000,0.000000,0.000000,0.000000,0.000000,0.000000,0,0.000000,0.350000,0.100000
5.300000,0.000000,0.000000,0.000000,0.000000,0.000000,0,0.000000,0.350000,0.100000
5.305000,0.000000,0.000000,0.000000,0.000000,0.000000,0,0.000000,0.350000,0.100000
5.310000,0.000000,0.000000,0.000000,0.000000,0.000000,0,0.000000,0.350000,0.100000
5.315000,0.000000,0.000000,0.000000,0.000000,0.000000,0,0.000000,0.350000,0.100000
5.320000,0.000000,0.000000,0.000000,0.000000,0.000000,0,0.000000,0.350000,0.100000
