time,original_f0,hard_midi_f0,soft_target_f0,strength
0.000000,0.000000,0.000000,0.000000,0.000000
0.005000,0.000000,0.000000,0.000000,0.000000
0.010000,0.000000,0.000000,0.000000,0.000000
0.015000,0.000000,0.000000,0.000000,0.000000
0.020000,0.000000,0.000000,0.000000,0.000000
0.025000,0.000000,0.000000,0.000000,0.000000
0.030000,0.000000,0.000000,0.000000,0.000000
0.035000,0.000000,0.000000,0.000000,0.000000
0.040000,0.000000,0.000000,0.000000,0.000000
0.045000,0.000000,0.000000,0.000000,0.000000
0.050000,0.000000,0.000000,0.000000,0.000000
0.055000,0.000000,0.000000,0.000000,0.000000
0.060000,0.000000,0.000000,0.000000,0.000000
0.065000,0.000000,0.000000,0.000000,0.000000
0.070000,0.000000,0.000000,0.000000,0.000000
0.075000,0.000000,0.000000,0.000000,0.000000
0.080000,0.000000,0.000000,0.000000,0.000000
0.085000,0.000000,0.000000,0.000000,0.000000
0.090000,0.000000,0.000000,0.000000,0.000000
0.095000,0.000000,0.000000,0.000000,0.000000
0.100000,0.000000,0.000000,0.000000,0.000000
0.105000,0.000000,0.000000,0.000000,0.000000
0.110000,0.000000,0.000000,0.000000,0.000000
0.115000,0.000000,0.000000,0.000000,0.000000
0.120000,0.000000,0.000000,0.000000,0.000000
0.125000,0.000000,0.000000,0.000000,0.000000
0.130000,0.000000,0.000000,0.000000,0.000000
0.135000,0.000000,0.000000,0.000000,0.000000
0.140000,0.000000,0.000000,0.000000,0.000000
0.145000,0.000000,0.000000,0.000000,0.000000
0.150000,0.000000,0.000000,0.000000,0.000000
0.155000,0.000000,0.000000,0.000000,0.000000
0.160000,0.000000,0.000000,0.000000,0.000000
0.165000,0.000000,0.000000,0.000000,0.000000
0.170000,0.000000,0.000000,0.000000,0.000000
0.175000,0.000000,0.000000,0.000000,0.000000
0.180000,0.000000,0.000000,0.000000,0.000000
0.185000,0.000000,0.000000,0.000000,0.000000
0.190000,0.000000,0.000000,0.000000,0.000000
0.195000,0.000000,0.000000,0.000000,0.000000
0.200000,0.000000,0.000000,0.000000,0.000000
0.205000,0.000000,0.000000,0.000000,0.000000
0.210000,0.000000,0.000000,0.000000,0.000000
0.215000,0.000000,0.000000,0.000000,0.000000
0.220000,0.000000,0.000000,0.000000,0.000000
0.225000,0.000000,0.000000,0.000000,0.000000
0.230000,0.000000,0.000000,0.000000,0.000000
0.235000,0.000000,0.000000,0.000000,0.000000
0.240000,0.000000,0.000000,0.000000,0.000000
0.245000,0.000000,0.000000,0.000000,0.000000
0.250000,0.000000,0.000000,0.000000,0.000000
0.255000,0.000000,0.000000,0.000000,0.000000
0.260000,0.000000,0.000000,0.000000,0.000000
0.265000,0.000000,0.000000,0.000000,0.000000
0.270000,0.000000,0.000000,0.000000,0.000000
0.275000,0.000000,0.000000,0.000000,0.000000
0.280000,0.000000,0.000000,0.000000,0.000000
0.285000,0.000000,0.000000,0.000000,0.000000
0.290000,0.000000,0.000000,0.000000,0.000000
0.295000,0.000000,0.000000,0.000000,0.000000
0.300000,0.000000,0.000000,0.000000,0.000000
0.305000,0.000000,0.000000,0.000000,0.000000
0.310000,0.000000,0.000000,0.000000,0.000000
0.315000,0.000000,0.000000,0.000000,0.000000
0.320000,0.000000,0.000000,0.000000,0.000000
0.325000,0.000000,0.000000,0.000000,0.000000
0.330000,0.000000,0.000000,0.000000,0.000000
0.335000,0.000000,0.000000,0.000000,0.000000
0.340000,0.000000,0.000000,0.000000,0.000000
0.345000,0.000000,0.000000,0.000000,0.000000
0.350000,0.000000,0.000000,0.000000,0.000000
0.355000,0.000000,0.000000,0.000000,0.000000
0.360000,0.000000,0.000000,0.000000,0.000000
0.365000,0.000000,0.000000,0.000000,0.000000
0.370000,0.000000,0.000000,0.000000,0.000000
0.375000,0.000000,0.000000,0.000000,0.000000
0.380000,0.000000,0.000000,0.000000,0.000000
0.385000,0.000000,0.000000,0.000000,0.000000
0.390000,0.000000,0.000000,0.000000,0.000000
0.395000,0.000000,0.000000,0.000000,0.000000
0.400000,0.000000,0.000000,0.000000,0.000000
0.405000,0.000000,0.000000,0.000000,0.000000
0.410000,0.000000,0.000000,0.000000,0.000000
0.415000,0.000000,0.000000,0.000000,0.000000
0.420000,0.000000,0.000000,0.000000,0.000000
0.425000,0.000000,0.000000,0.000000,0.000000
0.430000,0.000000,0.000000,0.000000,0.000000
0.435000,0.000000,0.000000,0.000000,0.000000
0.440000,0.000000,0.000000,0.000000,0.000000
0.445000,0.000000,0.000000,0.000000,0.000000
0.450000,0.000000,0.000000,0.000000,0.000000
0.455000,0.000000,0.000000,0.000000,0.000000
0.460000,0.000000,0.000000,0.000000,0.000000
0.465000,0.000000,0.000000,0.000000,0.000000
0.470000,0.000000,0.000000,0.000000,0.000000
0.475000,0.000000,0.000000,0.000000,0.000000
0.480000,0.000000,0.000000,0.000000,0.000000
0.485000,0.000000,0.000000,0.000000,0.000000
0.490000,0.000000,0.000000,0.000000,0.000000
0.495000,0.000000,0.000000,0.000000,0.000000
0.500000,0.000000,0.000000,0.000000,0.000000
0.505000,0.000000,0.000000,0.000000,0.000000
0.510000,0.000000,0.000000,0.000000,0.000000
0.515000,0.000000,0.000000,0.000000,0.000000
0.520000,0.000000,0.000000,0.000000,0.000000
0.525000,0.000000,0.000000,0.000000,0.000000
0.530000,0.000000,0.000000,0.000000,0.000000
0.535000,0.000000,0.000000,0.000000,0.000000
0.540000,0.000000,0.000000,0.000000,0.000000
0.545000,0.000000,0.000000,0.000000,0.000000
0.550000,0.000000,0.000000,0.000000,0.000000
0.555000,0.000000,0.000000,0.000000,0.000000
0.560000,0.000000,0.000000,0.000000,0.000000
0.565000,0.000000,0.000000,0.000000,0.000000
0.570000,0.000000,0.000000,0.000000,0.000000
0.575000,0.000000,0.000000,0.000000,0.000000
0.580000,0.000000,0.000000,0.000000,0.000000
0.585000,0.000000,0.000000,0.000000,0.000000
0.590000,0.000000,0.000000,0.000000,0.000000
0.595000,0.000000,0.000000,0.000000,0.000000
0.600000,0.000000,0.000000,0.000000,0.000000
0.605000,0.000000,0.000000,0.000000,0.000000
0.610000,0.000000,0.000000,0.000000,0.000000
0.615000,0.000000,0.000000,0.000000,0.000000
0.620000,0.000000,0.000000,0.000000,0.000000
0.625000,0.000000,0.000000,0.000000,0.000000
0.630000,0.000000,0.000000,0.000000,0.000000
0.635000,0.000000,0.000000,0.000000,0.000000
0.640000,0.000000,0.000000,0.000000,0.000000
0.645000,0.000000,0.000000,0.000000,0.000000
0.650000,0.000000,0.000000,0.000000,0.000000
0.655000,0.000000,0.000000,0.000000,0.000000
0.660000,0.000000,0.000000,0.000000,0.000000
0.665000,0.000000,0.000000,0.000000,0.000000
0.670000,0.000000,0.000000,0.000000,0.000000
0.675000,0.000000,0.000000,0.000000,0.000000
0.680000,0.000000,0.000000,0.000000,0.000000
0.685000,0.000000,0.000000,0.000000,0.000000
0.690000,0.000000,0.000000,0.000000,0.000000
0.695000,0.000000,0.000000,0.000000,0.000000
0.700000,0.000000,0.000000,0.000000,0.000000
0.705000,0.000000,0.000000,0.000000,0.000000
0.710000,0.000000,0.000000,0.000000,0.000000
0.715000,0.000000,0.000000,0.000000,0.000000
0.720000,0.000000,0.000000,0.000000,0.000000
0.725000,0.000000,0.000000,0.000000,0.000000
0.730000,0.000000,0.000000,0.000000,0.000000
0.735000,0.000000,0.000000,0.000000,0.000000
0.740000,0.000000,0.000000,0.000000,0.000000
0.745000,0.000000,0.000000,0.000000,0.000000
0.750000,0.000000,0.000000,0.000000,0.000000
0.755000,0.000000,0.000000,0.000000,0.000000
0.760000,0.000000,0.000000,0.000000,0.000000
0.765000,0.000000,0.000000,0.000000,0.000000
0.770000,0.000000,0.000000,0.000000,0.000000
0.775000,0.000000,0.000000,0.000000,0.000000
0.780000,0.000000,0.000000,0.000000,0.000000
0.785000,0.000000,0.000000,0.000000,0.000000
0.790000,0.000000,0.000000,0.000000,0.000000
0.795000,0.000000,0.000000,0.000000,0.000000
0.800000,0.000000,0.000000,0.000000,0.000000
0.805000,0.000000,0.000000,0.000000,0.000000
0.810000,0.000000,0.000000,0.000000,0.000000
0.815000,0.000000,0.000000,0.000000,0.000000
0.820000,0.000000,0.000000,0.000000,0.000000
0.825000,0.000000,0.000000,0.000000,0.000000
0.830000,0.000000,0.000000,0.000000,0.000000
0.835000,0.000000,0.000000,0.000000,0.000000
0.840000,0.000000,0.000000,0.000000,0.000000
0.845000,0.000000,0.000000,0.000000,0.000000
0.850000,0.000000,0.000000,0.000000,0.000000
0.855000,0.000000,0.000000,0.000000,0.000000
0.860000,0.000000,0.000000,0.000000,0.000000
0.865000,0.000000,0.000000,0.000000,0.000000
0.870000,0.000000,0.000000,0.000000,0.000000
0.875000,0.000000,0.000000,0.000000,0.000000
0.880000,0.000000,0.000000,0.000000,0.000000
0.885000,0.000000,0.000000,0.000000,0.000000
0.890000,0.000000,0.000000,0.000000,0.000000
0.895000,0.000000,0.000000,0.000000,0.000000
0.900000,0.000000,0.000000,0.000000,0.000000
0.905000,0.000000,0.000000,0.000000,0.000000
0.910000,0.000000,0.000000,0.000000,0.000000
0.915000,0.000000,0.000000,0.000000,0.000000
0.920000,0.000000,0.000000,0.000000,0.000000
0.925000,0.000000,0.000000,0.000000,0.000000
0.930000,0.000000,0.000000,0.000000,0.000000
0.935000,0.000000,0.000000,0.000000,0.000000
0.940000,0.000000,0.000000,0.000000,0.000000
0.945000,0.000000,0.000000,0.000000,0.000000
0.950000,0.000000,0.000000,0.000000,0.000000
0.955000,0.000000,0.000000,0.000000,0.000000
0.960000,0.000000,0.000000,0.000000,0.000000
0.965000,0.000000,0.000000,0.000000,0.000000
0.970000,0.000000,0.000000,0.000000,0.000000
0.975000,0.000000,0.000000,0.000000,0.000000
0.980000,0.000000,0.000000,0.000000,0.000000
0.985000,0.000000,0.000000,0.000000,0.000000
0.990000,0.000000,0.000000,0.000000,0.000000
0.995000,0.000000,0.000000,0.000000,0.000000
1.000000,0.000000,0.000000,0.000000,0.000000
1.005000,0.000000,0.000000,0.000000,0.000000
1.010000,0.000000,0.000000,0.000000,0.000000
1.015000,0.000000,0.000000,0.000000,0.000000
1.020000,0.000000,0.000000,0.000000,0.000000
1.025000,0.000000,0.000000,0.000000,0.000000
1.030000,0.000000,0.000000,0.000000,0.000000
1.035000,0.000000,0.000000,0.000000,0.000000
1.040000,0.000000,0.000000,0.000000,0.000000
1.045000,0.000000,0.000000,0.000000,0.000000
1.050000,0.000000,0.000000,0.000000,0.000000
1.055000,0.000000,0.000000,0.000000,0.000000
1.060000,0.000000,0.000000,0.000000,0.000000
1.065000,0.000000,0.000000,0.000000,0.000000
1.070000,0.000000,0.000000,0.000000,0.000000
1.075000,468.038243,246.941651,185.260058,0.650000
1.080000,426.794398,246.941651,240.634522,0.650000
1.085000,375.921853,246.941651,294.172631,0.650000
1.090000,332.457843,246.941651,281.924292,0.650000
1.095000,306.224208,246.941651,272.070146,0.650000
1.100000,293.061974,246.941651,265.583502,0.650000
1.105000,286.020878,246.941651,262.184089,0.650000
1.110000,283.255517,246.941651,260.754509,0.650000
1.115000,283.894791,246.941651,260.442680,0.650000
1.120000,285.801638,246.941651,260.813473,0.650000
1.125000,288.607275,246.941651,261.443523,0.650000
1.130000,291.317928,246.941651,262.045648,0.650000
1.135000,292.256223,246.941651,262.629979,0.650000
1.140000,292.496586,246.941651,263.295554,0.650000
1.145000,294.149215,246.941651,264.139284,0.650000
1.150000,298.115494,246.941651,265.279045,0.650000
1.155000,303.371218,246.941651,266.677258,0.650000
1.160000,308.538515,246.941651,268.113859,0.650000
1.165000,312.471061,246.941651,269.359880,0.650000
1.170000,314.672081,246.941651,270.344647,0.650000
1.175000,315.915798,246.941651,271.143003,0.650000
1.180000,317.439315,246.941651,271.868165,0.650000
1.185000,319.943605,246.941651,272.628054,0.650000
1.190000,322.830517,246.941651,273.482744,0.650000
1.195000,325.527632,246.941651,274.415573,0.650000
1.200000,328.125661,246.941651,275.385646,0.650000
1.205000,330.765441,246.941651,276.400291,0.650000
1.210000,333.801788,246.941651,277.426476,0.650000
1.215000,337.325456,246.941651,278.412935,0.650000
1.220000,340.187416,246.941651,289.010803,0.650000
1.225000,342.217930,246.941651,299.524979,0.650000
1.230000,343.797728,246.941651,309.744907,0.150000
1.235000,344.555683,246.941651,319.631060,0.150000
1.240000,344.275734,246.941651,329.327917,0.150000
1.245000,343.490812,246.941651,329.568169,0.150000
1.250000,343.213392,246.941651,330.596868,0.150000
1.255000,345.210977,246.941651,332.834721,0.150000
1.260000,350.606854,246.941651,336.328457,0.150000
1.265000,357.439576,246.941651,340.794261,0.150000
1.270000,364.042197,246.941651,345.661429,0.150000
1.275000,369.482828,246.941651,350.205826,0.150000
1.280000,373.841377,246.941651,354.027029,0.150000
1.285000,377.338603,246.941651,357.143211,0.150000
1.290000,379.917236,246.941651,359.737260,0.150000
1.295000,382.372685,246.941651,361.969977,0.150000
1.300000,384.741939,246.941651,363.885191,0.150000
1.305000,386.975005,246.941651,365.341529,0.150000
1.310000,388.604568,246.941651,365.599977,0.150000
1.315000,388.483928,246.941651,364.040377,0.150000
1.320000,383.892967,246.941651,361.944908,0.150000
1.325000,375.567825,246.941651,361.710602,0.150000
1.330000,374.648715,246.941651,364.187569,0.150000
1.335000,387.226295,246.941651,369.133944,0.150000
1.340000,403.054326,246.941651,376.051346,0.150000
1.345000,412.989288,246.941651,383.182505,0.150000
1.350000,416.258422,246.941651,388.252757,0.150000
1.355000,416.596710,246.941651,396.052929,0.150000
1.360000,417.051306,246.941651,402.673220,0.150000
1.365000,419.226565,415.304698,409.142216,0.150000
1.370000,422.221055,415.304698,415.771753,0.150000
1.375000,424.600213,415.304698,422.414293,0.150000
1.380000,425.882860,415.304698,423.696792,0.150000
1.385000,426.413945,415.304698,424.509236,0.150000
1.390000,426.770678,415.304698,424.918288,0.150000
1.395000,427.000136,415.304698,423.934543,0.150000
1.400000,427.006401,415.304698,422.866424,0.150000
1.405000,426.941018,415.304698,421.714354,0.650000
1.410000,427.025457,415.304698,420.432672,0.650000
1.415000,426.692514,415.304698,419.012004,0.650000
1.420000,425.398160,415.304698,418.596147,0.650000
1.425000,423.427863,415.304698,418.021596,0.650000
1.430000,421.000207,415.304698,417.488425,0.650000
1.435000,418.817586,415.304698,417.268544,0.650000
1.440000,419.075783,415.304698,417.263777,0.650000
1.445000,422.257001,415.304698,417.202109,0.650000
1.450000,423.359755,415.304698,416.956012,0.650000
1.455000,420.119238,415.304698,416.492144,0.650000
1.460000,415.301922,415.304698,415.902346,0.650000
1.465000,412.449089,415.304698,415.558055,0.650000
1.470000,413.831316,415.304698,415.770945,0.650000
1.475000,418.441308,415.304698,416.488717,0.650000
1.480000,423.160534,415.304698,417.384817,0.650000
1.485000,425.555800,415.304698,418.104093,0.650000
1.490000,425.250528,415.304698,418.461430,0.650000
1.495000,424.106677,415.304698,418.478227,0.650000
1.500000,423.546119,415.304698,418.222754,0.650000
1.505000,423.400495,415.304698,417.809647,0.650000
1.510000,421.906192,415.304698,417.411629,0.650000
1.515000,419.348997,415.304698,417.202169,0.650000
1.520000,418.420700,415.304698,417.201873,0.650000
1.525000,420.553836,415.304698,417.364107,0.650000
1.530000,423.396268,415.304698,417.623315,0.650000
1.535000,424.223819,415.304698,417.859383,0.650000
1.540000,423.051969,415.304698,417.951328,0.650000
1.545000,421.793097,415.304698,417.927452,0.650000
1.550000,421.867341,415.304698,417.722601,0.650000
1.555000,423.055179,415.304698,416.800025,0.650000
1.560000,421.297382,415.304698,414.260006,0.650000
1.565000,409.872312,415.304698,409.269511,0.650000
1.570000,385.507102,415.304698,401.607006,0.650000
1.575000,350.574563,415.304698,392.193869,0.650000
1.580000,313.590826,415.304698,382.854585,0.650000
1.585000,286.823996,415.304698,375.426982,0.650000
1.590000,276.453970,415.304698,371.100784,0.650000
1.595000,279.398476,415.304698,370.191049,0.650000
1.600000,288.771738,415.304698,372.474246,0.650000
1.605000,300.594609,415.304698,378.101649,0.650000
1.610000,319.441100,415.304698,387.703757,0.650000
1.615000,356.845449,415.304698,400.605895,0.650000
1.620000,416.571437,415.304698,414.606353,0.650000
1.625000,473.087994,415.304698,427.014608,0.650000
1.630000,500.601152,415.304698,434.993774,0.650000
1.635000,496.701885,415.304698,436.362293,0.650000
1.640000,470.833537,415.304698,431.539638,0.650000
1.645000,436.121707,415.304698,423.136996,0.650000
1.650000,404.192931,415.304698,414.136725,0.650000
1.655000,380.563410,415.304698,406.615134,0.650000
1.660000,368.126583,415.304698,401.280999,0.650000
1.665000,363.382235,415.304698,397.887620,0.650000
1.670000,359.919771,415.304698,395.840293,0.650000
1.675000,355.716099,415.304698,394.363206,0.650000
1.680000,351.315881,415.304698,392.884417,0.650000
1.685000,347.025331,415.304698,391.343431,0.650000
1.690000,342.256680,415.304698,390.082277,0.650000
1.695000,337.905692,415.304698,389.582276,0.650000
1.700000,337.699613,415.304698,390.138007,0.650000
1.705000,344.173003,415.304698,391.539091,0.650000
1.710000,354.964343,415.304698,392.988960,0.650000
1.715000,362.272170,415.304698,393.554715,0.650000
1.720000,358.618114,415.304698,384.512286,0.650000
1.725000,345.781824,415.304698,373.356005,0.650000
1.730000,332.824415,415.304698,361.045659,0.150000
1.735000,324.833488,415.304698,348.632911,0.150000
1.740000,321.053975,415.304698,336.803346,0.150000
1.745000,318.946999,415.304698,333.819592,0.150000
1.750000,317.091955,415.304698,331.798913,0.150000
1.755000,315.272918,415.304698,329.979321,0.150000
1.760000,312.947142,415.304698,327.942547,0.150000
1.765000,310.350494,415.304698,325.349100,0.150000
1.770000,306.965974,415.304698,322.151729,0.150000
1.775000,301.836385,415.304698,318.734088,0.150000
1.780000,296.464852,415.304698,315.528975,0.150000
1.785000,292.843375,415.304698,312.820820,0.150000
1.790000,291.496887,415.304698,310.782616,0.150000
1.795000,291.035649,415.304698,309.341414,0.150000
1.800000,289.846953,415.304698,308.409690,0.150000
1.805000,287.987194,415.304698,308.070925,0.150000
1.810000,287.362643,415.304698,308.533769,0.150000
1.815000,289.504151,415.304698,309.959138,0.150000
1.820000,293.758259,415.304698,311.832721,0.150000
1.825000,298.231481,415.304698,313.255881,0.150000
1.830000,299.008267,415.304698,313.317478,0.150000
1.835000,295.734172,415.304698,311.891660,0.150000
1.840000,289.866490,415.304698,309.839159,0.150000
1.845000,285.371092,415.304698,308.181526,0.150000
1.850000,286.157948,415.304698,307.073203,0.150000
1.855000,289.257486,415.304698,306.525565,0.150000
1.860000,289.214620,415.304698,306.313027,0.150000
1.865000,286.645093,415.304698,306.105830,0.150000
1.870000,284.120869,415.304698,306.621759,0.150000
1.875000,284.939140,415.304698,309.217995,0.150000
1.880000,292.292365,415.304698,248.029188,0.150000
1.885000,304.486591,415.304698,187.269499,0.150000
1.890000,0.000000,0.000000,0.000000,0.000000
1.895000,0.000000,0.000000,0.000000,0.000000
1.900000,0.000000,0.000000,0.000000,0.000000
1.905000,0.000000,0.000000,0.000000,0.000000
1.910000,0.000000,0.000000,0.000000,0.000000
1.915000,0.000000,0.000000,0.000000,0.000000
1.920000,322.249838,415.304698,205.440070,0.150000
1.925000,329.615615,415.304698,275.114890,0.150000
1.930000,336.738353,415.304698,343.318196,0.150000
1.935000,336.562817,415.304698,341.790821,0.150000
1.940000,327.906855,415.304698,335.918592,0.150000
1.945000,313.265278,415.304698,326.135691,0.150000
1.950000,295.073095,415.304698,314.633216,0.150000
1.955000,279.191873,415.304698,303.865842,0.150000
1.960000,268.901200,415.304698,295.480701,0.150000
1.965000,264.569361,415.304698,290.107665,0.150000
1.970000,263.940919,415.304698,287.379950,0.150000
1.975000,263.467002,415.304698,286.674080,0.150000
1.980000,263.146489,415.304698,287.002355,0.150000
1.985000,264.749026,415.304698,287.290992,0.150000
1.990000,266.500390,415.304698,287.410278,0.150000
1.995000,265.638783,415.304698,287.858026,0.150000
2.000000,264.168687,415.304698,288.761974,0.150000
2.005000,265.780300,415.304698,289.929428,0.150000
2.010000,270.066364,415.304698,291.368479,0.150000
2.015000,273.367766,415.304698,293.034744,0.150000
2.020000,274.103793,415.304698,294.615656,0.150000
2.025000,273.970244,415.304698,295.825516,0.150000
2.030000,275.079784,415.304698,296.956625,0.150000
2.035000,277.183185,415.304698,298.598852,0.150000
2.040000,280.021346,415.304698,301.105393,0.150000
2.045000,283.763957,415.304698,304.396951,0.150000
2.050000,288.714601,415.304698,308.218106,0.150000
2.055000,294.441891,415.304698,312.143207,0.150000
2.060000,299.660567,415.304698,315.541229,0.150000
2.065000,303.110173,415.304698,317.699487,0.150000
2.070000,303.752326,415.304698,318.239371,0.150000
2.075000,301.410235,415.304698,317.580482,0.150000
2.080000,297.617677,415.304698,317.273184,0.150000
2.085000,295.784754,415.304698,318.966681,0.150000
2.090000,301.302533,415.304698,322.905831,0.150000
2.095000,313.714075,415.304698,328.440684,0.150000
2.100000,324.581704,415.304698,334.605622,0.150000
2.105000,330.175639,415.304698,340.132349,0.150000
2.110000,332.049092,415.304698,344.222342,0.150000
2.115000,333.812690,415.304698,347.317270,0.150000
2.120000,337.772859,415.304698,350.264497,0.150000
2.125000,342.787163,415.304698,353.664153,0.150000
2.130000,347.512266,415.304698,357.550230,0.150000
2.135000,352.047070,415.304698,361.579828,0.150000
2.140000,356.671968,415.304698,365.572115,0.150000
2.145000,361.476374,415.304698,369.450700,0.150000
2.150000,366.271209,415.304698,373.002976,0.150000
2.155000,370.327472,415.304698,375.951992,0.150000
2.160000,372.942809,415.304698,378.159036,0.150000
2.165000,374.019120,415.304698,379.778382,0.150000
2.170000,374.458987,415.304698,381.441012,0.150000
2.175000,375.796774,415.304698,384.002550,0.150000
2.180000,380.107650,415.304698,387.904150,0.150000
2.185000,388.010675,415.304698,392.926733,0.150000
2.190000,396.969712,415.304698,398.370915,0.150000
2.195000,404.003588,415.304698,403.395506,0.150000
2.200000,407.821376,415.304698,407.249094,0.150000
2.205000,409.664068,415.304698,409.530605,0.150000
2.210000,410.678837,415.304698,410.270403,0.150000
2.215000,410.390365,415.304698,409.681475,0.150000
2.220000,408.355347,415.304698,407.959632,0.150000
2.225000,404.357090,415.304698,405.622186,0.150000
2.230000,399.535578,415.304698,403.292075,0.150000
2.235000,396.929160,415.304698,401.758133,0.150000
2.240000,396.683827,415.304698,402.463845,0.150000
2.245000,399.332160,415.304698,405.782707,0.150000
2.250000,408.508335,415.304698,410.169966,0.150000
2.255000,419.058294,415.304698,414.392588,0.150000
2.260000,422.736566,415.304698,416.476148,0.150000
2.265000,421.522783,415.304698,413.401613,0.150000
2.270000,411.588396,415.304698,405.349926,0.150000
2.275000,390.422837,415.304698,395.811059,0.150000
2.280000,371.695429,415.304698,386.827322,0.150000
2.285000,366.625579,415.304698,379.828881,0.150000
2.290000,368.677274,415.304698,376.643333,0.150000
2.295000,370.421096,415.304698,377.112175,0.150000
2.300000,371.684320,415.304698,379.148976,0.150000
2.305000,374.453323,415.304698,381.564160,0.150000
2.310000,378.606761,415.304698,306.133433,0.150000
2.315000,382.884239,415.304698,230.487958,0.150000
2.320000,0.000000,0.000000,0.000000,0.000000
2.325000,0.000000,0.000000,0.000000,0.000000
2.330000,0.000000,0.000000,0.000000,0.000000
2.335000,0.000000,0.000000,0.000000,0.000000
2.340000,0.000000,0.000000,0.000000,0.000000
2.345000,0.000000,0.000000,0.000000,0.000000
2.350000,0.000000,0.000000,0.000000,0.000000
2.355000,0.000000,0.000000,0.000000,0.000000
2.360000,0.000000,0.000000,0.000000,0.000000
2.365000,0.000000,0.000000,0.000000,0.000000
2.370000,0.000000,0.000000,0.000000,0.000000
2.375000,0.000000,0.000000,0.000000,0.000000
2.380000,0.000000,0.000000,0.000000,0.000000
2.385000,0.000000,0.000000,0.000000,0.000000
2.390000,0.000000,0.000000,0.000000,0.000000
2.395000,0.000000,0.000000,0.000000,0.000000
2.400000,0.000000,0.000000,0.000000,0.000000
2.405000,0.000000,0.000000,0.000000,0.000000
2.410000,0.000000,0.000000,0.000000,0.000000
2.415000,0.000000,0.000000,0.000000,0.000000
2.420000,0.000000,0.000000,0.000000,0.000000
2.425000,0.000000,0.000000,0.000000,0.000000
2.430000,0.000000,0.000000,0.000000,0.000000
2.435000,0.000000,0.000000,0.000000,0.000000
2.440000,0.000000,0.000000,0.000000,0.000000
2.445000,0.000000,0.000000,0.000000,0.000000
2.450000,0.000000,0.000000,0.000000,0.000000
2.455000,0.000000,0.000000,0.000000,0.000000
2.460000,0.000000,0.000000,0.000000,0.000000
2.465000,0.000000,0.000000,0.000000,0.000000
2.470000,0.000000,0.000000,0.000000,0.000000
2.475000,0.000000,0.000000,0.000000,0.000000
2.480000,0.000000,0.000000,0.000000,0.000000
2.485000,0.000000,0.000000,0.000000,0.000000
2.490000,312.099934,246.941651,182.523096,0.150000
2.495000,314.424151,246.941651,244.042179,0.150000
2.500000,316.407373,246.941651,305.911154,0.150000
2.505000,318.299016,246.941651,307.445482,0.150000
2.510000,320.357212,246.941651,308.339753,0.150000
2.515000,321.125394,246.941651,308.172241,0.150000
2.520000,319.684565,246.941651,306.919701,0.150000
2.525000,315.422007,246.941651,304.896369,0.150000
2.530000,310.931134,246.941651,302.370851,0.150000
2.535000,308.455261,246.941651,299.481620,0.150000
2.540000,306.269407,246.941651,296.691476,0.150000
2.545000,302.689088,246.941651,294.256751,0.150000
2.550000,299.009392,246.941651,292.039698,0.150000
2.555000,296.609227,246.941651,290.140964,0.150000
2.560000,295.413771,246.941651,288.856278,0.150000
2.565000,295.100382,246.941651,288.211272,0.150000
2.570000,295.132114,246.941651,287.984591,0.150000
2.575000,295.215236,246.941651,287.956333,0.150000
2.580000,295.275810,246.941651,287.909507,0.150000
2.585000,295.247549,246.941651,287.627459,0.150000
2.590000,294.824937,246.941651,286.935489,0.150000
2.595000,293.473008,246.941651,285.810512,0.150000
2.600000,291.144824,246.941651,284.362882,0.150000
2.605000,288.658298,246.941651,282.714357,0.150000
2.610000,286.732077,246.941651,280.977116,0.150000
2.615000,285.127734,246.941651,279.214617,0.150000
2.620000,283.253939,246.941651,277.293102,0.150000
2.625000,280.777183,246.941651,274.878699,0.150000
2.630000,277.355267,246.941651,271.615170,0.150000
2.635000,272.529707,246.941651,267.556818,0.150000
2.640000,265.930507,246.941651,263.672612,0.150000
2.645000,259.381278,246.941651,261.279911,0.150000
2.650000,257.928917,246.941651,261.185400,0.150000
2.655000,263.280552,246.941651,263.859934,0.150000
2.660000,271.973759,246.941651,268.978533,0.150000
2.665000,281.663063,246.941651,274.671022,0.150000
2.670000,289.490680,246.941651,279.166629,0.150000
2.675000,291.414148,246.941651,281.942993,0.150000
2.680000,289.725297,246.941651,283.121859,0.150000
2.685000,288.305313,246.941651,283.184939,0.150000
2.690000,288.597571,246.941651,283.221065,0.150000
2.695000,289.861736,246.941651,283.446741,0.150000
2.700000,291.626655,246.941651,283.350960,0.150000
2.705000,291.052801,246.941651,282.751114,0.150000
2.710000,287.741899,246.941651,281.751114,0.150000
2.715000,285.069061,246.941651,280.399548,0.150000
2.720000,283.979388,246.941651,279.191053,0.150000
2.725000,283.676268,246.941651,278.861365,0.150000
2.730000,283.944002,246.941651,279.786175,0.150000
2.735000,285.802557,246.941651,276.910267,0.150000
2.740000,290.509121,246.941651,274.177671,0.150000
2.745000,295.806049,246.941651,271.153253,0.650000
2.750000,297.117201,246.941651,267.401983,0.650000
2.755000,293.598532,246.941651,262.499527,0.650000
2.760000,287.728574,246.941651,261.397729,0.650000
2.765000,282.713271,246.941651,260.176955,0.650000
2.770000,280.066084,246.941651,259.288109,0.650000
2.775000,279.677572,246.941651,258.942848,0.650000
2.780000,280.900722,246.941651,258.957803,0.650000
2.785000,282.796276,246.941651,258.963855,0.650000
2.790000,282.926912,246.941651,258.766308,0.650000
2.795000,280.152550,246.941651,258.341556,0.650000
2.800000,276.855470,246.941651,257.740286,0.650000
2.805000,274.832838,246.941651,257.126569,0.650000
2.810000,274.206704,246.941651,256.709609,0.650000
2.815000,274.159526,246.941651,256.516269,0.650000
2.820000,274.195976,246.941651,256.452215,0.650000
2.825000,274.093466,246.941651,256.424571,0.650000
2.830000,273.917790,246.941651,256.395134,0.650000
2.835000,273.811789,246.941651,256.364812,0.650000
2.840000,273.738988,246.941651,256.356542,0.650000
2.845000,273.762816,246.941651,256.390203,0.650000
2.850000,273.975321,246.941651,256.462336,0.650000
2.855000,274.398659,246.941651,256.558141,0.650000
2.860000,274.842257,246.941651,256.660318,0.650000
2.865000,275.107635,246.941651,256.760009,0.650000
2.870000,275.222486,246.941651,256.844696,0.650000
2.875000,275.399472,246.941651,256.900653,0.650000
2.880000,275.608475,246.941651,256.930001,0.650000
2.885000,275.641649,246.941651,256.947543,0.650000
2.890000,275.526889,246.941651,256.953093,0.650000
2.895000,275.473089,246.941651,256.937598,0.650000
2.900000,275.478760,246.941651,256.904061,0.650000
2.905000,275.387115,246.941651,256.862217,0.650000
2.910000,275.162548,246.941651,256.805439,0.650000
2.915000,274.929120,246.941651,259.459381,0.650000
2.920000,274.661967,246.941651,262.057866,0.650000
2.925000,274.303652,246.941651,264.614760,0.150000
2.930000,273.939691,246.941651,267.127312,0.150000
2.935000,273.602573,246.941651,269.597202,0.150000
2.940000,273.245623,246.941651,269.286047,0.150000
2.945000,272.884664,246.941651,268.958088,0.150000
2.950000,272.473326,246.941651,268.610226,0.150000
2.955000,272.010523,246.941651,268.235922,0.150000
2.960000,271.556325,246.941651,267.819168,0.150000
2.965000,271.043836,246.941651,267.360141,0.150000
2.970000,270.433169,246.941651,266.842591,0.150000
2.975000,269.773168,246.941651,266.236237,0.150000
2.980000,268.966112,246.941651,265.568213,0.150000
2.985000,267.989534,246.941651,264.947954,0.150000
2.990000,267.114285,246.941651,264.531472,0.150000
2.995000,266.784586,246.941651,264.420591,0.150000
3.000000,267.323274,246.941651,264.558124,0.150000
3.005000,268.313868,246.941651,264.770960,0.150000
3.010000,268.798553,246.941651,264.809193,0.150000
3.015000,268.366263,246.941651,264.408770,0.150000
3.020000,267.009487,246.941651,263.453200,0.150000
3.025000,264.967842,246.941651,262.062983,0.150000
3.030000,262.692871,246.941651,260.417903,0.150000
3.035000,260.620804,246.941651,258.766649,0.150000
3.040000,258.689320,246.941651,257.389917,0.150000
3.045000,257.296228,246.941651,256.344590,0.150000
3.050000,256.869419,246.941651,255.304636,0.150000
3.055000,256.543893,246.941651,254.028780,0.150000
3.060000,254.503424,246.941651,252.551261,0.150000
3.065000,251.184286,246.941651,250.705175,0.150000
3.070000,248.604940,246.941651,248.673182,0.150000
3.075000,246.010087,246.941651,247.375828,0.150000
3.080000,244.590997,246.941651,247.299986,0.150000
3.085000,246.871930,246.941651,247.915956,0.150000
3.090000,250.738154,246.941651,248.996212,0.150000
3.095000,252.228295,246.941651,250.562080,0.150000
3.100000,252.364533,246.941651,252.022398,0.150000
3.105000,253.801983,246.941651,252.525929,0.150000
3.110000,255.462035,246.941651,252.051445,0.150000
3.115000,253.700102,246.941651,251.393654,0.150000
3.120000,249.437212,246.941651,250.977353,0.150000
3.125000,248.495176,246.941651,250.461050,0.150000
3.130000,251.353153,246.941651,249.744234,0.150000
3.135000,252.424960,246.941651,249.159188,0.150000
3.140000,249.483537,246.941651,199.506758,0.150000
3.145000,245.995762,246.941651,149.368473,0.150000
3.150000,0.000000,0.000000,0.000000,0.000000
3.155000,0.000000,0.000000,0.000000,0.000000
3.160000,0.000000,0.000000,0.000000,0.000000
3.165000,0.000000,0.000000,0.000000,0.000000
3.170000,0.000000,0.000000,0.000000,0.000000
3.175000,0.000000,0.000000,0.000000,0.000000
3.180000,0.000000,0.000000,0.000000,0.000000
3.185000,0.000000,0.000000,0.000000,0.000000
3.190000,0.000000,0.000000,0.000000,0.000000
3.195000,0.000000,0.000000,0.000000,0.000000
3.200000,0.000000,0.000000,0.000000,0.000000
3.205000,0.000000,0.000000,0.000000,0.000000
3.210000,0.000000,0.000000,0.000000,0.000000
3.215000,0.000000,0.000000,0.000000,0.000000
3.220000,0.000000,0.000000,0.000000,0.000000
3.225000,0.000000,0.000000,0.000000,0.000000
3.230000,0.000000,0.000000,0.000000,0.000000
3.235000,0.000000,0.000000,0.000000,0.000000
3.240000,0.000000,0.000000,0.000000,0.000000
3.245000,0.000000,0.000000,0.000000,0.000000
3.250000,0.000000,0.000000,0.000000,0.000000
3.255000,0.000000,0.000000,0.000000,0.000000
3.260000,0.000000,0.000000,0.000000,0.000000
3.265000,0.000000,0.000000,0.000000,0.000000
3.270000,0.000000,0.000000,0.000000,0.000000
3.275000,0.000000,0.000000,0.000000,0.000000
3.280000,0.000000,0.000000,0.000000,0.000000
3.285000,333.374689,246.941651,167.611727,0.650000
3.290000,335.230174,246.941651,225.416743,0.650000
3.295000,350.030618,246.941651,283.356243,0.650000
3.300000,367.180016,246.941651,284.684774,0.650000
3.305000,369.101218,246.941651,284.133915,0.650000
3.310000,352.353700,246.941651,281.036304,0.650000
3.315000,327.360757,246.941651,275.892918,0.650000
3.320000,305.779045,246.941651,270.572613,0.650000
3.325000,293.703067,246.941651,266.846870,0.650000
3.330000,293.096853,246.941651,265.174772,0.650000
3.335000,299.128802,246.941651,264.993166,0.650000
3.340000,303.473648,246.941651,265.552240,0.650000
3.345000,303.184668,246.941651,265.971775,0.650000
3.350000,301.689848,246.941651,265.605911,0.650000
3.355000,299.090212,246.941651,264.467483,0.650000
3.360000,293.902163,246.941651,262.981074,0.650000
3.365000,287.210396,246.941651,261.406748,0.650000
3.370000,281.950259,246.941651,259.995935,0.650000
3.375000,279.199471,246.941651,259.056816,0.650000
3.380000,278.935739,246.941651,258.749996,0.650000
3.385000,280.486182,246.941651,258.975737,0.650000
3.390000,282.827250,246.941651,259.528586,0.650000
3.395000,285.175126,246.941651,260.197497,0.650000
3.400000,287.097320,246.941651,265.065827,0.650000
3.405000,288.491607,246.941651,269.860615,0.650000
3.410000,289.391342,246.941651,274.537651,0.150000
3.415000,289.922710,246.941651,279.127462,0.150000
3.420000,290.196823,246.941651,283.730334,0.150000
3.425000,290.475226,246.941651,284.242020,0.150000
3.430000,291.126175,246.941651,284.952865,0.150000
3.435000,292.401260,246.941651,285.928674,0.150000
3.440000,294.104148,246.941651,287.171723,0.150000
3.445000,295.936877,246.941651,288.600436,0.150000
3.450000,297.787281,246.941651,290.074624,0.150000
3.455000,299.530364,246.941651,291.521607,0.150000
3.460000,301.072957,246.941651,292.931983,0.150000
3.465000,302.615811,246.941651,294.279898,0.150000
3.470000,304.233205,246.941651,295.578820,0.150000
3.475000,305.716196,246.941651,296.913587,0.150000
3.480000,307.171083,246.941651,298.341808,0.150000
3.485000,308.924528,246.941651,299.881465,0.150000
3.490000,311.017111,246.941651,301.529210,0.150000
3.495000,313.290006,246.941651,303.255321,0.150000
3.500000,315.408817,246.941651,304.992039,0.150000
3.505000,317.324679,246.941651,306.687112,0.150000
3.510000,319.140516,246.941651,300.759787,0.150000
3.515000,320.988128,246.941651,294.701805,0.150000
3.520000,323.397297,246.941651,288.584572,0.650000
3.525000,326.676452,246.941651,282.407477,0.650000
3.530000,330.482817,246.941651,276.131042,0.650000
3.535000,334.037540,246.941651,277.285008,0.650000
3.540000,337.105448,246.941651,278.404515,0.650000
3.545000,339.882532,246.941651,279.456623,0.650000
3.550000,342.669402,246.941651,280.436866,0.650000
3.555000,345.512942,246.941651,281.338831,0.650000
3.560000,348.041010,246.941651,282.154277,0.650000
3.565000,349.990659,246.941651,282.897275,0.650000
3.570000,351.531758,246.941651,283.588545,0.650000
3.575000,353.283666,246.941651,284.265040,0.650000
3.580000,355.388216,246.941651,284.973531,0.650000
3.585000,357.705227,246.941651,285.705822,0.650000
3.590000,360.111966,246.941651,286.414534,0.650000
3.595000,361.993061,246.941651,287.043890,0.650000
3.600000,363.408114,246.941651,287.525320,0.650000
3.605000,364.379015,246.941651,287.810567,0.650000
3.610000,364.582804,246.941651,287.923196,0.650000
3.615000,364.186921,246.941651,287.912264,0.650000
3.620000,363.602046,246.941651,287.846242,0.650000
3.625000,363.251944,246.941651,287.814985,0.650000
3.630000,363.435851,246.941651,287.854289,0.650000
3.635000,364.136266,246.941651,287.958219,0.650000
3.640000,364.748414,246.941651,288.116434,0.650000
3.645000,365.086751,246.941651,288.320709,0.650000
3.650000,365.512162,246.941651,288.544015,0.650000
3.655000,366.354062,246.941651,288.792055,0.650000
3.660000,367.326359,246.941651,289.062697,0.650000
3.665000,368.291832,246.941651,289.307068,0.650000
3.670000,368.953074,246.941651,289.471440,0.650000
3.675000,369.003169,246.941651,289.547380,0.650000
3.680000,368.702243,246.941651,289.554354,0.650000
3.685000,368.411217,246.941651,289.494897,0.650000
3.690000,368.391449,246.941651,289.263377,0.650000
3.695000,368.103688,246.941651,288.625847,0.650000
3.700000,365.695741,246.941651,287.405082,0.650000
3.705000,359.594674,246.941651,285.716870,0.650000
3.710000,350.971726,246.941651,283.918090,0.650000
3.715000,344.274124,246.941651,282.447674,0.650000
3.720000,342.406833,246.941651,281.724607,0.650000
3.725000,344.689805,246.941651,281.865754,0.650000
3.730000,349.265146,246.941651,282.588562,0.650000
3.735000,352.988107,246.941651,283.601664,0.650000
3.740000,354.599946,246.941651,284.905043,0.650000
3.745000,356.879724,246.941651,286.494348,0.650000
3.750000,363.309508,246.941651,288.331068,0.650000
3.755000,371.969496,246.941651,290.355325,0.650000
3.760000,379.226963,246.941651,233.271330,0.650000
3.765000,383.517911,246.941651,175.737250,0.650000
3.770000,0.000000,0.000000,0.000000,0.000000
3.775000,0.000000,0.000000,0.000000,0.000000
3.780000,0.000000,0.000000,0.000000,0.000000
3.785000,0.000000,0.000000,0.000000,0.000000
3.790000,0.000000,0.000000,0.000000,0.000000
3.795000,0.000000,0.000000,0.000000,0.000000
3.800000,0.000000,0.000000,0.000000,0.000000
3.805000,0.000000,0.000000,0.000000,0.000000
3.810000,0.000000,0.000000,0.000000,0.000000
3.815000,0.000000,0.000000,0.000000,0.000000
3.820000,0.000000,0.000000,0.000000,0.000000
3.825000,0.000000,0.000000,0.000000,0.000000
3.830000,0.000000,0.000000,0.000000,0.000000
3.835000,0.000000,0.000000,0.000000,0.000000
3.840000,0.000000,0.000000,0.000000,0.000000
3.845000,0.000000,0.000000,0.000000,0.000000
3.850000,0.000000,0.000000,0.000000,0.000000
3.855000,0.000000,0.000000,0.000000,0.000000
3.860000,0.000000,0.000000,0.000000,0.000000
3.865000,0.000000,0.000000,0.000000,0.000000
3.870000,0.000000,0.000000,0.000000,0.000000
3.875000,0.000000,0.000000,0.000000,0.000000
3.880000,0.000000,0.000000,0.000000,0.000000
3.885000,0.000000,0.000000,0.000000,0.000000
3.890000,0.000000,0.000000,0.000000,0.000000
3.895000,0.000000,0.000000,0.000000,0.000000
3.900000,0.000000,0.000000,0.000000,0.000000
3.905000,0.000000,0.000000,0.000000,0.000000
3.910000,0.000000,0.000000,0.000000,0.000000
3.915000,0.000000,0.000000,0.000000,0.000000
3.920000,0.000000,0.000000,0.000000,0.000000
3.925000,0.000000,0.000000,0.000000,0.000000
3.930000,0.000000,0.000000,0.000000,0.000000
3.935000,0.000000,0.000000,0.000000,0.000000
3.940000,0.000000,0.000000,0.000000,0.000000
3.945000,0.000000,0.000000,0.000000,0.000000
3.950000,0.000000,0.000000,0.000000,0.000000
3.955000,90.974859,246.941651,97.976131,0.650000
3.960000,85.886355,246.941651,118.508679,0.650000
3.965000,80.810620,246.941651,138.630219,0.150000
3.970000,77.201754,246.941651,119.968147,0.150000
3.975000,74.784063,246.941651,81.853687,0.150000
3.980000,72.943134,246.941651,60.462670,0.150000
3.985000,0.000000,0.000000,0.000000,0.000000
3.990000,0.000000,0.000000,0.000000,0.000000
3.995000,0.000000,0.000000,0.000000,0.000000
4.000000,0.000000,0.000000,0.000000,0.000000
4.005000,0.000000,0.000000,0.000000,0.000000
4.010000,0.000000,0.000000,0.000000,0.000000
4.015000,0.000000,0.000000,0.000000,0.000000
4.020000,0.000000,0.000000,0.000000,0.000000
4.025000,0.000000,0.000000,0.000000,0.000000
4.030000,0.000000,0.000000,0.000000,0.000000
4.035000,0.000000,0.000000,0.000000,0.000000
4.040000,0.000000,0.000000,0.000000,0.000000
4.045000,0.000000,0.000000,0.000000,0.000000
4.050000,0.000000,0.000000,0.000000,0.000000
4.055000,0.000000,0.000000,0.000000,0.000000
4.060000,0.000000,0.000000,0.000000,0.000000
4.065000,0.000000,0.000000,0.000000,0.000000
4.070000,0.000000,0.000000,0.000000,0.000000
4.075000,0.000000,0.000000,0.000000,0.000000
4.080000,0.000000,0.000000,0.000000,0.000000
4.085000,0.000000,0.000000,0.000000,0.000000
4.090000,0.000000,0.000000,0.000000,0.000000
4.095000,0.000000,0.000000,0.000000,0.000000
4.100000,0.000000,0.000000,0.000000,0.000000
4.105000,0.000000,0.000000,0.000000,0.000000
4.110000,0.000000,0.000000,0.000000,0.000000
4.115000,0.000000,0.000000,0.000000,0.000000
4.120000,0.000000,0.000000,0.000000,0.000000
4.125000,282.353857,246.941651,162.345267,0.150000
4.130000,273.407919,246.941651,218.900204,0.150000
4.135000,268.476567,246.941651,275.526105,0.150000
4.140000,267.382968,369.994423,276.731717,0.150000
4.145000,267.800399,369.994423,279.335183,0.150000
4.150000,267.730498,369.994423,282.640024,0.150000
4.155000,267.007233,369.994423,282.361341,0.150000
4.160000,266.201614,369.994423,281.960040,0.150000
4.165000,265.743655,369.994423,281.487250,0.150000
4.170000,265.439804,369.994423,281.021175,0.150000
4.175000,264.949382,369.994423,280.581024,0.150000
4.180000,264.265611,369.994423,280.132966,0.150000
4.185000,263.612491,369.994423,279.676995,0.150000
4.190000,263.108021,369.994423,279.250297,0.150000
4.195000,262.757625,369.994423,278.866730,0.150000
4.200000,262.439393,369.994423,278.523222,0.150000
4.205000,262.009333,369.994423,278.200267,0.150000
4.210000,261.591853,369.994423,277.881477,0.150000
4.215000,261.208287,369.994423,288.504383,0.150000
4.220000,260.882392,369.994423,299.164066,0.150000
4.225000,260.545144,369.994423,309.856715,0.650000
4.230000,260.026109,369.994423,320.585718,0.650000
4.235000,259.483172,369.994423,331.343370,0.650000
4.240000,259.070982,369.994423,331.192617,0.650000
4.245000,258.688813,369.994423,331.058938,0.650000
4.250000,258.391522,369.994423,330.946721,0.650000
4.255000,258.116409,369.994423,330.849376,0.650000
4.260000,257.880073,369.994423,330.760917,0.650000
4.265000,257.680339,369.994423,330.671734,0.650000
4.270000,257.425116,369.994423,330.572920,0.650000
4.275000,257.117479,369.994423,330.452695,0.650000
4.280000,256.704782,369.994423,330.297564,0.650000
4.285000,256.162572,369.994423,330.115980,0.650000
4.290000,255.464188,369.994423,329.924779,0.650000
4.295000,254.831054,369.994423,329.740321,0.650000
4.300000,254.386030,369.994423,329.558834,0.650000
4.305000,254.069670,369.994423,329.376237,0.650000
4.310000,253.569908,369.994423,329.188199,0.650000
4.315000,252.855649,369.994423,328.978728,0.650000
4.320000,252.144803,369.994423,328.726897,0.650000
4.325000,251.393582,369.994423,328.431537,0.650000
4.330000,250.472091,369.994423,328.104849,0.650000
4.335000,249.350479,369.994423,327.750142,0.650000
4.340000,248.188677,369.994423,327.369929,0.650000
4.345000,247.077558,369.994423,326.974383,0.650000
4.350000,245.961968,369.994423,326.576758,0.650000
4.355000,244.821438,369.994423,326.180868,0.650000
4.360000,243.670123,369.994423,325.767424,0.650000
4.365000,242.533100,369.994423,325.319618,0.650000
4.370000,241.171217,369.994423,324.843718,0.650000
4.375000,239.564741,369.994423,324.354181,0.650000
4.380000,238.022865,369.994423,323.821957,0.650000
4.385000,236.676736,369.994423,323.197484,0.650000
4.390000,234.929897,369.994423,322.442466,0.650000
4.395000,232.250182,369.994423,321.548834,0.650000
4.400000,228.778772,369.994423,320.562915,0.650000
4.405000,225.256684,369.994423,319.589350,0.650000
4.410000,222.592177,369.994423,318.725163,0.650000
4.415000,221.021835,369.994423,318.011399,0.650000
4.420000,219.904653,369.994423,317.414655,0.650000
4.425000,218.582146,369.994423,316.839085,0.650000
4.430000,216.731761,369.994423,316.210137,0.650000
4.435000,214.369748,369.994423,315.540109,0.650000
4.440000,212.036864,369.994423,314.880833,0.650000
4.445000,210.332834,369.994423,314.284108,0.650000
4.450000,209.163907,369.994423,313.778005,0.650000
4.455000,208.207123,369.994423,313.346743,0.650000
4.460000,207.139709,369.994423,312.942029,0.650000
4.465000,205.875974,369.994423,312.536847,0.650000
4.470000,204.551209,369.994423,312.136315,0.650000
4.475000,203.375592,369.994423,311.759164,0.650000
4.480000,202.485226,369.994423,311.422124,0.650000
4.485000,201.751839,369.994423,311.132587,0.650000
4.490000,201.061121,369.994423,310.884856,0.650000
4.495000,200.414967,369.994423,310.667183,0.650000
4.500000,199.836580,369.994423,310.477867,0.650000
4.505000,199.375615,369.994423,310.318354,0.650000
4.510000,199.047317,369.994423,310.188301,0.650000
4.515000,198.782364,369.994423,310.075215,0.650000
4.520000,198.557073,369.994423,309.967232,0.650000
4.525000,198.221068,369.994423,309.858528,0.650000
4.530000,197.832996,369.994423,309.746140,0.650000
4.535000,197.494397,369.994423,309.624682,0.650000
4.540000,197.176824,369.994423,309.496073,0.650000
4.545000,196.821957,369.994423,309.359838,0.650000
4.550000,196.383798,369.994423,309.211753,0.650000
4.555000,195.886788,369.994423,309.055129,0.650000
4.560000,195.378890,369.994423,308.905094,0.650000
4.565000,194.939341,369.994423,308.776212,0.650000
4.570000,194.678594,369.994423,308.668006,0.650000
4.575000,194.542631,369.994423,308.576982,0.650000
4.580000,194.340996,369.994423,308.502468,0.650000
4.585000,194.078544,369.994423,308.438851,0.650000
4.590000,193.874857,369.994423,308.381416,0.650000
4.595000,193.769782,369.994423,308.336901,0.650000
4.600000,193.722122,369.994423,308.317469,0.650000
4.605000,193.705071,369.994423,308.322709,0.650000
4.610000,193.800948,369.994423,308.343865,0.650000
4.615000,193.949715,369.994423,308.382427,0.650000
4.620000,194.072011,369.994423,308.448609,0.650000
4.625000,194.273007,369.994423,308.544050,0.650000
4.630000,194.650517,369.994423,308.670711,0.650000
4.635000,195.164393,369.994423,308.819117,0.650000
4.640000,195.759169,369.994423,308.972453,0.650000
4.645000,196.192084,369.994423,309.122209,0.650000
4.650000,196.463523,369.994423,309.260391,0.650000
4.655000,196.789890,369.994423,309.384871,0.650000
4.660000,197.138420,369.994423,309.508435,0.650000
4.665000,197.537453,369.994423,309.633846,0.650000
4.670000,197.957283,369.994423,309.739781,0.650000
4.675000,198.255112,369.994423,309.813249,0.650000
4.680000,198.303245,369.994423,309.858301,0.650000
4.685000,198.187967,369.994423,309.886880,0.650000
4.690000,198.181057,369.994423,309.926408,0.650000
4.695000,198.365543,369.994423,310.011954,0.650000
4.700000,198.819807,369.994423,310.160679,0.650000
4.705000,199.525331,369.994423,310.358886,0.650000
4.710000,200.312609,369.994423,310.582407,0.650000
4.715000,201.012583,369.994423,310.799380,0.650000
4.720000,201.558703,369.994423,310.968974,0.650000
4.725000,201.919419,369.994423,311.073560,0.650000
4.730000,201.948098,369.994423,311.120615,0.650000
4.735000,201.806700,369.994423,311.122461,0.650000
4.740000,201.684800,369.994423,311.105728,0.650000
4.745000,201.585068,369.994423,311.102550,0.650000
4.750000,201.680380,369.994423,311.121913,0.650000
4.755000,201.902697,369.994423,311.157691,0.650000
4.760000,202.083314,369.994423,311.213964,0.650000
4.765000,202.195915,369.994423,311.276580,0.650000
4.770000,202.388963,369.994423,311.344114,0.650000
4.775000,202.574903,369.994423,311.433091,0.650000
4.780000,202.867460,369.994423,311.543455,0.650000
4.785000,203.354425,369.994423,311.653837,0.650000
4.790000,203.772541,369.994423,311.750713,0.650000
4.795000,203.965841,369.994423,311.842348,0.650000
4.800000,203.958850,369.994423,311.970988,0.650000
4.805000,204.176534,369.994423,312.199006,0.650000
4.810000,205.192140,369.994423,312.542542,0.650000
4.815000,207.029938,369.994423,312.961699,0.650000
4.820000,208.873499,369.994423,313.377923,0.650000
4.825000,209.946804,369.994423,313.703785,0.650000
4.830000,210.122590,369.994423,313.894757,0.650000
4.835000,209.847309,369.994423,313.957675,0.650000
4.840000,209.758122,369.994423,313.908953,0.650000
4.845000,209.772320,369.994423,313.739209,0.650000
4.850000,209.250771,369.994423,313.440238,0.650000
4.855000,207.697682,369.994423,313.035547,0.650000
4.860000,205.576296,369.994423,312.651126,0.650000
4.865000,203.976821,369.994423,312.511450,0.650000
4.870000,204.280589,369.994423,312.812415,0.650000
4.875000,207.255400,369.994423,313.509494,0.650000
4.880000,211.997180,369.994423,314.285779,0.650000
4.885000,215.534572,369.994423,314.864681,0.650000
4.890000,215.066603,369.994423,315.169938,0.650000
4.895000,212.550625,369.994423,315.183777,0.650000
4.900000,211.616206,369.994423,314.981010,0.650000
4.905000,212.194875,369.994423,314.783409,0.650000
4.910000,212.637914,369.994423,314.702835,0.650000
4.915000,212.243730,369.994423,314.646941,0.650000
4.920000,211.399567,369.994423,314.550208,0.650000
4.925000,210.817718,369.994423,314.466859,0.650000
4.930000,210.812974,369.994423,314.402766,0.650000
4.935000,211.447212,369.994423,314.266110,0.650000
4.940000,211.328116,369.994423,313.927540,0.650000
4.945000,209.447342,369.994423,313.251365,0.650000
4.950000,205.980996,369.994423,312.210453,0.650000
4.955000,201.153340,369.994423,311.114630,0.650000
4.960000,196.577046,369.994423,310.338222,0.650000
4.965000,195.673494,369.994423,309.975809,0.650000
4.970000,198.355803,369.994423,293.208762,0.650000
4.975000,200.803669,369.994423,276.821182,0.650000
4.980000,201.841934,369.994423,260.494727,0.150000
4.985000,202.189736,369.994423,243.991094,0.150000
4.990000,202.177249,369.994423,227.171322,0.150000
4.995000,202.239503,369.994423,226.799573,0.150000
5.000000,201.387806,369.994423,226.008972,0.150000
5.005000,199.655174,369.994423,224.754564,0.150000
5.010000,197.539144,369.994423,222.830736,0.150000
5.015000,194.798376,369.994423,220.299097,0.150000
5.020000,190.922867,369.994423,175.257884,0.150000
5.025000,186.495811,369.994423,130.576397,0.150000
5.030000,0.000000,0.000000,0.000000,0.000000
5.035000,0.000000,0.000000,0.000000,0.000000
5.040000,0.000000,0.000000,0.000000,0.000000
5.045000,0.000000,0.000000,0.000000,0.000000
5.050000,0.000000,0.000000,0.000000,0.000000
5.055000,0.000000,0.000000,0.000000,0.000000
5.060000,0.000000,0.000000,0.000000,0.000000
5.065000,0.000000,0.000000,0.000000,0.000000
5.070000,0.000000,0.000000,0.000000,0.000000
5.075000,0.000000,0.000000,0.000000,0.000000
5.080000,0.000000,0.000000,0.000000,0.000000
5.085000,0.000000,0.000000,0.000000,0.000000
5.090000,0.000000,0.000000,0.000000,0.000000
5.095000,0.000000,0.000000,0.000000,0.000000
5.100000,0.000000,0.000000,0.000000,0.000000
5.105000,0.000000,0.000000,0.000000,0.000000
5.110000,0.000000,0.000000,0.000000,0.000000
5.115000,0.000000,0.000000,0.000000,0.000000
5.120000,0.000000,0.000000,0.000000,0.000000
5.125000,0.000000,0.000000,0.000000,0.000000
5.130000,0.000000,0.000000,0.000000,0.000000
5.135000,0.000000,0.000000,0.000000,0.000000
5.140000,0.000000,0.000000,0.000000,0.000000
5.145000,0.000000,0.000000,0.000000,0.000000
5.150000,0.000000,0.000000,0.000000,0.000000
5.155000,0.000000,0.000000,0.000000,0.000000
5.160000,0.000000,0.000000,0.000000,0.000000
5.165000,0.000000,0.000000,0.000000,0.000000
5.170000,0.000000,0.000000,0.000000,0.000000
5.175000,0.000000,0.000000,0.000000,0.000000
5.180000,0.000000,0.000000,0.000000,0.000000
5.185000,0.000000,0.000000,0.000000,0.000000
5.190000,0.000000,0.000000,0.000000,0.000000
5.195000,0.000000,0.000000,0.000000,0.000000
5.200000,0.000000,0.000000,0.000000,0.000000
5.205000,0.000000,0.000000,0.000000,0.000000
5.210000,0.000000,0.000000,0.000000,0.000000
5.215000,0.000000,0.000000,0.000000,0.000000
5.220000,0.000000,0.000000,0.000000,0.000000
5.225000,0.000000,0.000000,0.000000,0.000000
5.230000,0.000000,0.000000,0.000000,0.000000
5.235000,0.000000,0.000000,0.000000,0.000000
5.240000,0.000000,0.000000,0.000000,0.000000
5.245000,0.000000,0.000000,0.000000,0.000000
5.250000,0.000000,0.000000,0.000000,0.000000
5.255000,0.000000,0.000000,0.000000,0.000000
5.260000,0.000000,0.000000,0.000000,0.000000
5.265000,0.000000,0.000000,0.000000,0.000000
5.270000,0.000000,0.000000,0.000000,0.000000
5.275000,0.000000,0.000000,0.000000,0.000000
5.280000,0.000000,0.000000,0.000000,0.000000
5.285000,0.000000,0.000000,0.000000,0.000000
5.290000,0.000000,0.000000,0.000000,0.000000
5.295000,0.000000,0.000000,0.000000,0.000000
5.300000,0.000000,0.000000,0.000000,0.000000
5.305000,0.000000,0.000000,0.000000,0.000000
5.310000,0.000000,0.000000,0.000000,0.000000
5.315000,0.000000,0.000000,0.000000,0.000000
5.320000,0.000000,0.000000,0.000000,0.000000
5.325000,0.000000,0.000000,0.000000,0.000000
5.330000,0.000000,0.000000,0.000000,0.000000
5.335000,0.000000,0.000000,0.000000,0.000000
5.340000,0.000000,0.000000,0.000000,0.000000
5.345000,0.000000,0.000000,0.000000,0.000000
5.350000,0.000000,0.000000,0.000000,0.000000
5.355000,0.000000,0.000000,0.000000,0.000000
5.360000,0.000000,0.000000,0.000000,0.000000
5.365000,0.000000,0.000000,0.000000,0.000000
5.370000,0.000000,0.000000,0.000000,0.000000
5.375000,0.000000,0.000000,0.000000,0.000000
5.380000,0.000000,0.000000,0.000000,0.000000
5.385000,0.000000,0.000000,0.000000,0.000000
5.390000,0.000000,0.000000,0.000000,0.000000
5.395000,0.000000,0.000000,0.000000,0.000000
5.400000,0.000000,0.000000,0.000000,0.000000
5.405000,0.000000,0.000000,0.000000,0.000000
5.410000,0.000000,0.000000,0.000000,0.000000
5.415000,0.000000,0.000000,0.000000,0.000000
5.420000,0.000000,0.000000,0.000000,0.000000
5.425000,0.000000,0.000000,0.000000,0.000000
5.430000,0.000000,0.000000,0.000000,0.000000
